# ************************************************************
# Sequel Pro SQL dump
# Version 4541
#
# http://www.sequelpro.com/
# https://github.com/sequelpro/sequelpro
#
# Host: 67.192.246.142 (MySQL 5.7.13-0ubuntu0.16.04.2)
# Database: scoreboard
# Generation Time: 2016-10-12 21:25:48 +0000
# ************************************************************


/*!40101 SET @OLD_CHARACTER_SET_CLIENT=@@CHARACTER_SET_CLIENT */;
/*!40101 SET @OLD_CHARACTER_SET_RESULTS=@@CHARACTER_SET_RESULTS */;
/*!40101 SET @OLD_COLLATION_CONNECTION=@@COLLATION_CONNECTION */;
/*!40101 SET NAMES utf8 */;
/*!40014 SET @OLD_FOREIGN_KEY_CHECKS=@@FOREIGN_KEY_CHECKS, FOREIGN_KEY_CHECKS=0 */;
/*!40101 SET @OLD_SQL_MODE=@@SQL_MODE, SQL_MODE='NO_AUTO_VALUE_ON_ZERO' */;
/*!40111 SET @OLD_SQL_NOTES=@@SQL_NOTES, SQL_NOTES=0 */;


# Dump of table LC
# ------------------------------------------------------------

DROP TABLE IF EXISTS `LC`;

CREATE TABLE `LC` (
  `idLC` int(11) NOT NULL,
  `LC_name` varchar(45) DEFAULT NULL,
  `MC_idMC` int(11) NOT NULL,
  PRIMARY KEY (`idLC`,`MC_idMC`),
  KEY `fk_LC_MC_idx` (`MC_idMC`),
  CONSTRAINT `fk_LC_MC` FOREIGN KEY (`MC_idMC`) REFERENCES `MC` (`idMC`) ON DELETE NO ACTION ON UPDATE NO ACTION
) ENGINE=InnoDB DEFAULT CHARSET=utf8;

LOCK TABLES `LC` WRITE;
/*!40000 ALTER TABLE `LC` DISABLE KEYS */;

INSERT INTO `LC` (`idLC`, `LC_name`, `MC_idMC`)
VALUES
	(63,'Merida, Yucatan',1589),
	(67,'Expansions MX',1589),
	(68,'UAEMEX',1589),
	(69,'Tabasco',1589),
	(119,'ITESM Santa Fe',1589),
	(207,'Aguascalientes',1589),
	(208,'Chihuahua',1589),
	(240,'UP',1589),
	(550,'Veracruz',1589),
	(552,'Sinaloa',1589),
	(724,'UNAM',1589),
	(866,'Leon',1589),
	(874,'ITAM',1589),
	(911,'Puebla',1589),
	(940,'Guanajuato',1589),
	(1054,'IPN',1589),
	(1077,'ITESM CEM',1589),
	(1168,'Ciudad Juarez',1589),
	(1193,'ULSA',1589),
	(1269,'ITESM Monterrey',1589),
	(1287,'Queretaro',1589),
	(1374,'Guadalajara',1589),
	(1671,'Hermosillo',1589),
	(1672,'La Laguna',1589),
	(1673,'UDEM',1589),
	(1790,'ITESM Toluca',1589),
	(1865,'Tampico',1589),
	(1866,'Oaxaca',1589),
	(1891,'Cuernavaca',1589),
	(2062,'Celaya',1589),
	(2063,'Irapuato',1589);

/*!40000 ALTER TABLE `LC` ENABLE KEYS */;
UNLOCK TABLES;


# Dump of table MC
# ------------------------------------------------------------

DROP TABLE IF EXISTS `MC`;

CREATE TABLE `MC` (
  `idMC` int(11) NOT NULL,
  `MC_name` varchar(20) NOT NULL,
  PRIMARY KEY (`idMC`)
) ENGINE=InnoDB DEFAULT CHARSET=utf8;

LOCK TABLES `MC` WRITE;
/*!40000 ALTER TABLE `MC` DISABLE KEYS */;

INSERT INTO `MC` (`idMC`, `MC_name`)
VALUES
	(1589,'Mexico');

/*!40000 ALTER TABLE `MC` ENABLE KEYS */;
UNLOCK TABLES;


# Dump of table operation
# ------------------------------------------------------------

DROP TABLE IF EXISTS `operation`;

CREATE TABLE `operation` (
  `month` int(11) NOT NULL,
  `year` int(11) NOT NULL,
  `LC_idLC` int(11) NOT NULL,
  `program_idprogram` int(11) NOT NULL,
  `app_plan` int(11) NOT NULL DEFAULT '0',
  `app_ach` int(11) NOT NULL DEFAULT '0',
  `re_plan` int(11) NOT NULL DEFAULT '0',
  `re_ach` int(11) NOT NULL DEFAULT '0',
  `op_plan` int(11) NOT NULL DEFAULT '0',
  `op_ach` int(11) NOT NULL DEFAULT '0',
  `apl_plan` int(11) NOT NULL DEFAULT '0',
  `apl_ach` int(11) NOT NULL DEFAULT '0',
  `com_ach` int(11) NOT NULL DEFAULT '0',
  `com_plan` int(11) NOT NULL DEFAULT '0',
  PRIMARY KEY (`month`,`year`,`LC_idLC`,`program_idprogram`),
  KEY `fk_operation_LC1_idx` (`LC_idLC`),
  KEY `fk_operation_program1_idx` (`program_idprogram`),
  CONSTRAINT `fk_operation_LC1` FOREIGN KEY (`LC_idLC`) REFERENCES `LC` (`idLC`) ON DELETE NO ACTION ON UPDATE NO ACTION,
  CONSTRAINT `fk_operation_program1` FOREIGN KEY (`program_idprogram`) REFERENCES `program` (`idprogram`) ON DELETE NO ACTION ON UPDATE NO ACTION
) ENGINE=InnoDB DEFAULT CHARSET=utf8;

LOCK TABLES `operation` WRITE;
/*!40000 ALTER TABLE `operation` DISABLE KEYS */;

INSERT INTO `operation` (`month`, `year`, `LC_idLC`, `program_idprogram`, `app_plan`, `app_ach`, `re_plan`, `re_ach`, `op_plan`, `op_ach`, `apl_plan`, `apl_ach`, `com_ach`, `com_plan`)
VALUES
	(0,2015,63,1,0,0,0,0,0,0,0,0,0,0),
	(0,2015,63,2,0,2,0,2,0,0,0,44,0,0),
	(0,2015,63,3,0,0,0,2,0,0,0,0,1,0),
	(0,2015,63,4,0,0,0,3,0,0,0,12,2,0),
	(0,2015,67,1,0,0,0,0,0,0,0,0,0,0),
	(0,2015,67,2,0,3,0,2,0,0,0,17,0,0),
	(0,2015,67,3,0,0,0,1,0,0,0,1,1,0),
	(0,2015,67,4,0,7,0,6,0,0,0,14,12,0),
	(0,2015,68,1,0,1,0,1,0,0,0,0,0,0),
	(0,2015,68,2,0,0,0,0,0,0,0,25,0,0),
	(0,2015,68,3,0,0,0,2,0,0,0,3,0,0),
	(0,2015,68,4,0,1,0,3,0,0,0,12,3,0),
	(0,2015,69,1,0,0,0,0,0,0,0,54,0,0),
	(0,2015,69,2,0,0,0,0,0,0,0,23,0,0),
	(0,2015,69,3,0,2,0,2,0,0,0,6,2,0),
	(0,2015,69,4,0,0,0,0,0,0,0,1,4,0),
	(0,2015,119,1,0,0,0,0,0,0,0,0,0,0),
	(0,2015,119,2,0,0,0,0,0,0,0,67,0,0),
	(0,2015,119,3,0,0,0,0,0,0,0,6,0,0),
	(0,2015,119,4,0,0,0,0,0,0,0,0,0,0),
	(0,2015,207,1,0,0,0,0,0,0,0,0,0,0),
	(0,2015,207,2,0,1,0,0,0,0,0,24,0,0),
	(0,2015,207,3,0,0,0,0,0,0,0,0,0,0),
	(0,2015,207,4,0,1,0,3,0,0,0,16,4,0),
	(0,2015,208,1,0,0,0,0,0,0,0,6,0,0),
	(0,2015,208,2,0,0,0,0,0,0,0,13,2,0),
	(0,2015,208,3,0,3,0,4,0,0,0,3,1,0),
	(0,2015,208,4,0,0,0,1,0,0,0,12,4,0),
	(0,2015,240,1,0,0,0,1,0,0,0,110,2,0),
	(0,2015,240,2,0,0,0,0,0,0,0,5,0,0),
	(0,2015,240,3,0,4,0,1,0,0,0,23,2,0),
	(0,2015,240,4,0,1,0,4,0,0,0,62,9,0),
	(0,2015,550,1,0,0,0,0,0,0,0,0,0,0),
	(0,2015,550,2,0,1,0,2,0,0,0,122,2,0),
	(0,2015,550,3,0,0,0,0,0,0,0,0,3,0),
	(0,2015,550,4,0,2,0,3,0,0,0,8,3,0),
	(0,2015,552,1,0,0,0,0,0,0,0,0,0,0),
	(0,2015,552,2,0,0,0,0,0,0,0,176,1,0),
	(0,2015,552,3,0,0,0,2,0,0,0,0,15,0),
	(0,2015,552,4,0,3,0,2,0,0,0,73,1,0),
	(0,2015,724,1,0,0,0,0,0,0,0,55,1,0),
	(0,2015,724,2,0,1,0,0,0,0,0,74,0,0),
	(0,2015,724,3,0,3,0,6,0,0,0,0,0,0),
	(0,2015,724,4,0,1,0,0,0,0,0,10,19,0),
	(0,2015,866,1,0,0,0,0,0,0,0,0,0,0),
	(0,2015,866,2,0,0,0,0,0,0,0,13,1,0),
	(0,2015,866,3,0,1,0,1,0,0,0,12,1,0),
	(0,2015,866,4,0,2,0,5,0,0,0,2,9,0),
	(0,2015,874,1,0,1,0,2,0,0,0,36,2,0),
	(0,2015,874,2,0,1,0,1,0,0,0,41,2,0),
	(0,2015,874,3,0,2,0,4,0,0,0,1,4,0),
	(0,2015,874,4,0,4,0,4,0,0,0,8,8,0),
	(0,2015,911,1,0,0,0,1,0,0,0,0,2,0),
	(0,2015,911,2,0,1,0,3,0,0,0,84,3,0),
	(0,2015,911,3,0,0,0,1,0,0,0,0,1,0),
	(0,2015,911,4,0,1,0,2,0,0,0,14,8,0),
	(0,2015,940,1,0,0,0,0,0,0,0,0,0,0),
	(0,2015,940,2,0,1,0,0,0,0,0,64,0,0),
	(0,2015,940,3,0,1,0,1,0,0,0,1,1,0),
	(0,2015,940,4,0,5,0,6,0,0,0,4,23,0),
	(0,2015,1054,1,0,2,0,1,0,0,0,91,7,0),
	(0,2015,1054,2,0,2,0,2,0,0,0,46,0,0),
	(0,2015,1054,3,0,6,0,13,0,0,0,6,25,0),
	(0,2015,1054,4,0,4,0,3,0,0,0,3,8,0),
	(0,2015,1077,1,0,0,0,0,0,0,0,9,1,0),
	(0,2015,1077,2,0,1,0,0,0,0,0,20,0,0),
	(0,2015,1077,3,0,1,0,1,0,0,0,1,1,0),
	(0,2015,1077,4,0,0,0,1,0,0,0,8,2,0),
	(0,2015,1168,1,0,1,0,1,0,0,0,1,0,0),
	(0,2015,1168,2,0,4,0,5,0,0,0,32,0,0),
	(0,2015,1168,3,0,0,0,0,0,0,0,2,0,0),
	(0,2015,1168,4,0,0,0,2,0,0,0,0,3,0),
	(0,2015,1193,1,0,5,0,13,0,0,0,366,0,0),
	(0,2015,1193,2,0,0,0,0,0,0,0,33,1,0),
	(0,2015,1193,3,0,0,0,0,0,0,0,0,0,0),
	(0,2015,1193,4,0,0,0,2,0,0,0,2,12,0),
	(0,2015,1269,1,0,3,0,2,0,0,0,0,0,0),
	(0,2015,1269,2,0,1,0,2,0,0,0,84,4,0),
	(0,2015,1269,3,0,1,0,1,0,0,0,0,0,0),
	(0,2015,1269,4,0,1,0,3,0,0,0,7,0,0),
	(0,2015,1287,1,0,1,0,1,0,0,0,0,0,0),
	(0,2015,1287,2,0,0,0,0,0,0,0,62,0,0),
	(0,2015,1287,3,0,2,0,5,0,0,0,1,3,0),
	(0,2015,1287,4,0,1,0,2,0,0,0,2,0,0),
	(0,2015,1374,1,0,0,0,0,0,0,0,1,0,0),
	(0,2015,1374,2,0,1,0,0,0,0,0,118,0,0),
	(0,2015,1374,3,0,4,0,5,0,0,0,1,2,0),
	(0,2015,1374,4,0,0,0,0,0,0,0,7,1,0),
	(0,2015,1671,1,0,1,0,1,0,0,0,1,0,0),
	(0,2015,1671,2,0,0,0,0,0,0,0,2,0,0),
	(0,2015,1671,3,0,0,0,0,0,0,0,0,0,0),
	(0,2015,1671,4,0,0,0,0,0,0,0,3,1,0),
	(0,2015,1672,1,0,0,0,0,0,0,0,0,0,0),
	(0,2015,1672,2,0,1,0,0,0,0,0,17,0,0),
	(0,2015,1672,3,0,0,0,0,0,0,0,0,1,0),
	(0,2015,1672,4,0,1,0,1,0,0,0,3,1,0),
	(0,2015,1673,1,0,0,0,0,0,0,0,0,0,0),
	(0,2015,1673,2,0,0,0,0,0,0,0,2,0,0),
	(0,2015,1673,3,0,0,0,0,0,0,0,0,0,0),
	(0,2015,1673,4,0,0,0,1,0,0,0,4,2,0),
	(0,2015,1790,1,0,0,0,0,0,0,0,0,0,0),
	(0,2015,1790,2,0,0,0,0,0,0,0,37,0,0),
	(0,2015,1790,3,0,0,0,3,0,0,0,1,0,0),
	(0,2015,1790,4,0,0,0,2,0,0,0,0,8,0),
	(0,2015,1865,1,0,0,0,0,0,0,0,0,0,0),
	(0,2015,1865,2,0,0,0,0,0,0,0,0,0,0),
	(0,2015,1865,3,0,0,0,0,0,0,0,0,0,0),
	(0,2015,1865,4,0,0,0,0,0,0,0,0,0,0),
	(0,2015,1866,1,0,0,0,0,0,0,0,0,0,0),
	(0,2015,1866,2,0,0,0,0,0,0,0,0,0,0),
	(0,2015,1866,3,0,2,0,0,0,0,0,1,0,0),
	(0,2015,1866,4,0,0,0,0,0,0,0,0,0,0),
	(0,2015,1891,1,0,0,0,0,0,0,0,0,0,0),
	(0,2015,1891,2,0,0,0,0,0,0,0,0,0,0),
	(0,2015,1891,3,0,0,0,0,0,0,0,0,0,0),
	(0,2015,1891,4,0,0,0,0,0,0,0,0,0,0),
	(0,2015,2062,1,0,0,0,0,0,0,0,0,0,0),
	(0,2015,2062,2,0,0,0,0,0,0,0,0,0,0),
	(0,2015,2062,3,0,0,0,0,0,0,0,0,0,0),
	(0,2015,2062,4,0,0,0,0,0,0,0,0,0,0),
	(0,2015,2063,1,0,0,0,0,0,0,0,0,0,0),
	(0,2015,2063,2,0,0,0,0,0,0,0,0,0,0),
	(0,2015,2063,3,0,0,0,0,0,0,0,0,0,0),
	(0,2015,2063,4,0,0,0,0,0,0,0,0,0,0),
	(0,2016,63,1,0,0,0,0,0,0,0,0,0,0),
	(0,2016,63,2,0,0,0,0,0,0,0,22,2,0),
	(0,2016,63,3,0,0,0,0,0,0,0,0,2,0),
	(0,2016,63,4,0,0,0,0,0,0,0,9,6,0),
	(0,2016,67,1,0,0,0,0,0,0,0,0,0,0),
	(0,2016,67,2,0,1,0,1,0,0,0,16,4,0),
	(0,2016,67,3,0,1,0,7,0,0,0,3,4,0),
	(0,2016,67,4,0,1,0,4,0,0,0,19,7,0),
	(0,2016,68,1,0,2,0,1,0,0,0,5,0,0),
	(0,2016,68,2,0,0,0,0,0,0,0,37,0,0),
	(0,2016,68,3,0,0,0,4,0,0,0,0,24,0),
	(0,2016,68,4,0,0,0,5,0,0,0,1,5,0),
	(0,2016,69,1,0,1,0,2,0,0,0,0,1,0),
	(0,2016,69,2,0,0,0,1,0,0,0,17,0,0),
	(0,2016,69,3,0,1,0,1,0,0,0,4,20,0),
	(0,2016,69,4,0,1,0,0,0,0,0,6,12,0),
	(0,2016,119,1,0,2,0,0,0,0,0,27,0,0),
	(0,2016,119,2,0,0,0,0,0,0,0,156,0,0),
	(0,2016,119,3,0,1,0,0,0,0,0,15,17,0),
	(0,2016,119,4,0,2,0,3,0,0,0,8,4,0),
	(0,2016,207,1,0,0,0,0,0,0,0,0,0,0),
	(0,2016,207,2,0,0,0,0,0,0,0,1,0,0),
	(0,2016,207,3,0,0,0,0,0,0,0,0,0,0),
	(0,2016,207,4,0,1,0,1,0,0,0,0,1,0),
	(0,2016,208,1,0,0,0,0,0,0,0,0,0,0),
	(0,2016,208,2,0,0,0,1,0,0,0,9,1,0),
	(0,2016,208,3,0,0,0,0,0,0,0,6,8,0),
	(0,2016,208,4,0,1,0,5,0,0,0,3,8,0),
	(0,2016,240,1,0,0,0,0,0,0,0,0,2,0),
	(0,2016,240,2,0,0,0,0,0,0,0,12,0,0),
	(0,2016,240,3,0,0,0,0,0,0,0,0,21,0),
	(0,2016,240,4,0,1,0,3,0,0,0,17,11,0),
	(0,2016,550,1,0,1,0,1,0,0,0,17,0,0),
	(0,2016,550,2,0,1,0,0,0,0,0,72,1,0),
	(0,2016,550,3,0,0,0,0,0,0,0,1,6,0),
	(0,2016,550,4,0,0,0,2,0,0,0,1,1,0),
	(0,2016,552,1,0,0,0,1,0,0,0,0,0,0),
	(0,2016,552,2,0,0,0,0,0,0,0,32,0,0),
	(0,2016,552,3,0,0,0,9,0,0,0,20,11,0),
	(0,2016,552,4,0,0,0,0,0,0,0,12,14,0),
	(0,2016,724,1,0,0,0,0,0,0,0,0,1,0),
	(0,2016,724,2,0,0,0,2,0,0,0,13,1,0),
	(0,2016,724,3,0,5,0,9,0,0,0,8,2,0),
	(0,2016,724,4,0,3,0,5,0,0,0,16,32,0),
	(0,2016,866,1,0,0,0,0,0,0,0,1,0,0),
	(0,2016,866,2,0,1,0,0,0,0,0,66,0,0),
	(0,2016,866,3,0,0,0,5,0,0,0,4,10,0),
	(0,2016,866,4,0,1,0,15,0,0,0,3,11,0),
	(0,2016,874,1,0,0,0,1,0,0,0,3,4,0),
	(0,2016,874,2,0,0,0,0,0,0,0,71,0,0),
	(0,2016,874,3,0,0,0,2,0,0,0,0,11,0),
	(0,2016,874,4,0,3,0,4,0,0,0,15,22,0),
	(0,2016,911,1,0,0,0,0,0,0,0,5,0,0),
	(0,2016,911,2,0,0,0,0,0,0,0,22,1,0),
	(0,2016,911,3,0,0,0,6,0,0,0,0,2,0),
	(0,2016,911,4,0,2,0,3,0,0,0,8,3,0),
	(0,2016,940,1,0,0,0,0,0,0,0,0,0,0),
	(0,2016,940,2,0,0,0,0,0,0,0,26,0,0),
	(0,2016,940,3,0,2,0,0,0,0,0,6,1,0),
	(0,2016,940,4,0,5,0,7,0,0,0,21,12,0),
	(0,2016,1054,1,0,0,0,2,0,0,0,52,0,0),
	(0,2016,1054,2,0,2,0,3,0,0,0,53,1,0),
	(0,2016,1054,3,0,0,0,2,0,0,0,0,5,0),
	(0,2016,1054,4,0,1,0,5,0,0,0,9,6,0),
	(0,2016,1077,1,0,1,0,2,0,0,0,158,0,0),
	(0,2016,1077,2,0,0,0,3,0,0,0,65,0,0),
	(0,2016,1077,3,0,2,0,7,0,0,0,0,4,0),
	(0,2016,1077,4,0,2,0,3,0,0,0,6,4,0),
	(0,2016,1168,1,0,0,0,1,0,0,0,0,1,0),
	(0,2016,1168,2,0,0,0,1,0,0,0,16,4,0),
	(0,2016,1168,3,0,0,0,0,0,0,0,0,0,0),
	(0,2016,1168,4,0,0,0,0,0,0,0,20,0,0),
	(0,2016,1193,1,0,4,0,13,0,0,0,228,5,0),
	(0,2016,1193,2,0,0,0,0,0,0,0,13,0,0),
	(0,2016,1193,3,0,1,0,0,0,0,0,0,8,0),
	(0,2016,1193,4,0,0,0,2,0,0,0,9,15,0),
	(0,2016,1269,1,0,0,0,2,0,0,0,0,0,0),
	(0,2016,1269,2,0,2,0,0,0,0,0,39,2,0),
	(0,2016,1269,3,0,0,0,1,0,0,0,0,0,0),
	(0,2016,1269,4,0,0,0,0,0,0,0,3,2,0),
	(0,2016,1287,1,0,0,0,0,0,0,0,0,0,0),
	(0,2016,1287,2,0,0,0,0,0,0,0,64,1,0),
	(0,2016,1287,3,0,1,0,3,0,0,0,4,4,0),
	(0,2016,1287,4,0,0,0,3,0,0,0,8,2,0),
	(0,2016,1374,1,0,5,0,4,0,0,0,86,1,0),
	(0,2016,1374,2,0,1,0,1,0,0,0,31,0,0),
	(0,2016,1374,3,0,1,0,1,0,0,0,0,1,0),
	(0,2016,1374,4,0,1,0,2,0,0,0,3,5,0),
	(0,2016,1671,1,0,1,0,1,0,0,0,6,0,0),
	(0,2016,1671,2,0,0,0,0,0,0,0,36,0,0),
	(0,2016,1671,3,0,0,0,0,0,0,0,0,1,0),
	(0,2016,1671,4,0,2,0,3,0,0,0,15,3,0),
	(0,2016,1672,1,0,0,0,0,0,0,0,0,0,0),
	(0,2016,1672,2,0,0,0,1,0,0,0,154,1,0),
	(0,2016,1672,3,0,0,0,2,0,0,0,0,10,0),
	(0,2016,1672,4,0,1,0,2,0,0,0,0,9,0),
	(0,2016,1673,1,0,0,0,0,0,0,0,0,0,0),
	(0,2016,1673,2,0,0,0,0,0,0,0,0,0,0),
	(0,2016,1673,3,0,1,0,1,0,0,0,0,1,0),
	(0,2016,1673,4,0,0,0,0,0,0,0,1,1,0),
	(0,2016,1790,1,0,0,0,2,0,0,0,0,1,0),
	(0,2016,1790,2,0,0,0,1,0,0,0,13,0,0),
	(0,2016,1790,3,0,0,0,0,0,0,0,0,17,0),
	(0,2016,1790,4,0,1,0,1,0,0,0,1,2,0),
	(0,2016,1865,1,0,0,0,0,0,0,0,0,0,0),
	(0,2016,1865,2,0,0,0,0,0,0,0,6,0,0),
	(0,2016,1865,3,0,0,0,0,0,0,0,0,4,0),
	(0,2016,1865,4,0,0,0,0,0,0,0,1,2,0),
	(0,2016,1866,1,0,0,0,0,0,0,0,43,0,0),
	(0,2016,1866,2,0,0,0,0,0,0,0,23,0,0),
	(0,2016,1866,3,0,0,0,0,0,0,0,0,4,0),
	(0,2016,1866,4,0,0,0,0,0,0,0,0,0,0),
	(0,2016,1891,1,0,1,0,2,0,0,0,0,0,0),
	(0,2016,1891,2,0,0,0,1,0,0,0,0,0,0),
	(0,2016,1891,3,0,1,0,1,0,0,0,1,5,0),
	(0,2016,1891,4,0,0,0,0,0,0,0,0,3,0),
	(1,2015,63,1,0,0,0,0,0,0,0,0,0,0),
	(1,2015,63,2,0,2,0,0,0,0,0,22,0,0),
	(1,2015,63,3,0,1,0,0,0,0,0,1,1,0),
	(1,2015,63,4,0,1,0,2,0,0,0,32,3,0),
	(1,2015,67,1,0,0,0,0,0,0,0,0,0,0),
	(1,2015,67,2,0,1,0,2,0,0,0,118,2,0),
	(1,2015,67,3,0,1,0,1,0,0,0,7,1,0),
	(1,2015,67,4,0,2,0,1,0,0,0,49,2,0),
	(1,2015,68,1,0,0,0,0,0,0,0,0,0,0),
	(1,2015,68,2,0,1,0,1,0,0,0,4,0,0),
	(1,2015,68,3,0,0,0,0,0,0,0,1,1,0),
	(1,2015,68,4,0,1,0,0,0,0,0,6,1,0),
	(1,2015,69,1,0,3,0,2,0,0,0,88,0,0),
	(1,2015,69,2,0,1,0,0,0,0,0,4,0,0),
	(1,2015,69,3,0,6,0,6,0,0,0,7,5,0),
	(1,2015,69,4,0,4,0,4,0,0,0,7,2,0),
	(1,2015,119,1,0,0,0,0,0,0,0,0,0,0),
	(1,2015,119,2,0,0,0,0,0,0,0,40,0,0),
	(1,2015,119,3,0,1,0,0,0,0,0,3,0,0),
	(1,2015,119,4,0,0,0,0,0,0,0,17,0,0),
	(1,2015,207,1,0,0,0,0,0,0,0,0,0,0),
	(1,2015,207,2,0,1,0,0,0,0,0,31,0,0),
	(1,2015,207,3,0,2,0,2,0,0,0,9,0,0),
	(1,2015,207,4,0,3,0,3,0,0,0,4,2,0),
	(1,2015,208,1,0,2,0,0,0,0,0,0,0,0),
	(1,2015,208,2,0,1,0,0,0,0,0,4,0,0),
	(1,2015,208,3,0,1,0,1,0,0,0,1,4,0),
	(1,2015,208,4,0,5,0,3,0,0,0,26,0,0),
	(1,2015,240,1,0,0,0,0,0,0,0,147,0,0),
	(1,2015,240,2,0,0,0,0,0,0,0,7,0,0),
	(1,2015,240,3,0,7,0,10,0,0,0,12,7,0),
	(1,2015,240,4,0,8,0,4,0,0,0,69,2,0),
	(1,2015,550,1,0,0,0,0,0,0,0,0,2,0),
	(1,2015,550,2,0,1,0,0,0,0,0,178,2,0),
	(1,2015,550,3,0,1,0,2,0,0,0,1,2,0),
	(1,2015,550,4,0,3,0,2,0,0,0,4,4,0),
	(1,2015,552,1,0,0,0,0,0,0,0,8,0,0),
	(1,2015,552,2,0,0,0,0,0,0,0,65,0,0),
	(1,2015,552,3,0,4,0,9,0,0,0,7,8,0),
	(1,2015,552,4,0,8,0,4,0,0,0,77,4,0),
	(1,2015,724,1,0,0,0,0,0,0,0,0,1,0),
	(1,2015,724,2,0,1,0,1,0,0,0,54,0,0),
	(1,2015,724,3,0,3,0,2,0,0,0,4,19,0),
	(1,2015,724,4,0,6,0,6,0,0,0,68,4,0),
	(1,2015,866,1,0,0,0,0,0,0,0,0,0,0),
	(1,2015,866,2,0,0,0,0,0,0,0,38,0,0),
	(1,2015,866,3,0,0,0,1,0,0,0,0,3,0),
	(1,2015,866,4,0,1,0,1,0,0,0,56,6,0),
	(1,2015,874,1,0,1,0,1,0,0,0,7,0,0),
	(1,2015,874,2,0,1,0,0,0,0,0,152,0,0),
	(1,2015,874,3,0,3,0,3,0,0,0,15,15,0),
	(1,2015,874,4,0,0,0,1,0,0,0,58,1,0),
	(1,2015,911,1,0,0,0,0,0,0,0,0,0,0),
	(1,2015,911,2,0,1,0,2,0,0,0,58,0,0),
	(1,2015,911,3,0,2,0,2,0,0,0,4,3,0),
	(1,2015,911,4,0,4,0,6,0,0,0,86,0,0),
	(1,2015,940,1,0,0,0,0,0,0,0,0,0,0),
	(1,2015,940,2,0,1,0,1,0,0,0,88,1,0),
	(1,2015,940,3,0,6,0,6,0,0,0,6,5,0),
	(1,2015,940,4,0,2,0,11,0,0,0,22,7,0),
	(1,2015,1054,1,0,5,0,2,0,0,0,156,2,0),
	(1,2015,1054,2,0,0,0,0,0,0,0,60,0,0),
	(1,2015,1054,3,0,10,0,10,0,0,0,19,1,0),
	(1,2015,1054,4,0,1,0,6,0,0,0,39,6,0),
	(1,2015,1077,1,0,0,0,0,0,0,0,7,0,0),
	(1,2015,1077,2,0,0,0,0,0,0,0,44,1,0),
	(1,2015,1077,3,0,2,0,1,0,0,0,3,8,0),
	(1,2015,1077,4,0,3,0,2,0,0,0,25,5,0),
	(1,2015,1168,1,0,0,0,0,0,0,0,0,0,0),
	(1,2015,1168,2,0,0,0,0,0,0,0,70,1,0),
	(1,2015,1168,3,0,1,0,1,0,0,0,1,2,0),
	(1,2015,1168,4,0,5,0,3,0,0,0,27,1,0),
	(1,2015,1193,1,0,8,0,11,0,0,0,355,0,0),
	(1,2015,1193,2,0,1,0,1,0,0,0,36,0,0),
	(1,2015,1193,3,0,0,0,0,0,0,0,0,0,0),
	(1,2015,1193,4,0,7,0,8,0,0,0,36,1,0),
	(1,2015,1269,1,0,1,0,1,0,0,0,1,0,0),
	(1,2015,1269,2,0,1,0,0,0,0,0,159,1,0),
	(1,2015,1269,3,0,1,0,1,0,0,0,2,0,0),
	(1,2015,1269,4,0,0,0,0,0,0,0,3,3,0),
	(1,2015,1287,1,0,0,0,0,0,0,0,0,0,0),
	(1,2015,1287,2,0,0,0,0,0,0,0,99,0,0),
	(1,2015,1287,3,0,0,0,1,0,0,0,4,2,0),
	(1,2015,1287,4,0,1,0,2,0,0,0,56,2,0),
	(1,2015,1374,1,0,1,0,1,0,0,0,20,0,0),
	(1,2015,1374,2,0,1,0,0,0,0,0,114,1,0),
	(1,2015,1374,3,0,0,0,0,0,0,0,1,4,0),
	(1,2015,1374,4,0,1,0,0,0,0,0,45,0,0),
	(1,2015,1671,1,0,0,0,0,0,0,0,0,0,0),
	(1,2015,1671,2,0,0,0,0,0,0,0,4,0,0),
	(1,2015,1671,3,0,1,0,3,0,0,0,0,0,0),
	(1,2015,1671,4,0,0,0,0,0,0,0,23,0,0),
	(1,2015,1672,1,0,0,0,0,0,0,0,4,0,0),
	(1,2015,1672,2,0,0,0,0,0,0,0,283,0,0),
	(1,2015,1672,3,0,1,0,1,0,0,0,0,2,0),
	(1,2015,1672,4,0,1,0,1,0,0,0,13,0,0),
	(1,2015,1673,1,0,0,0,0,0,0,0,0,0,0),
	(1,2015,1673,2,0,0,0,0,0,0,0,8,0,0),
	(1,2015,1673,3,0,0,0,0,0,0,0,0,0,0),
	(1,2015,1673,4,0,4,0,1,0,0,0,30,0,0),
	(1,2015,1790,1,0,0,0,0,0,0,0,0,0,0),
	(1,2015,1790,2,0,0,0,0,0,0,0,0,0,0),
	(1,2015,1790,3,0,5,0,5,0,0,0,4,8,0),
	(1,2015,1790,4,0,3,0,3,0,0,0,6,0,0),
	(1,2015,1865,1,0,0,0,0,0,0,0,0,0,0),
	(1,2015,1865,2,0,0,0,0,0,0,0,0,0,0),
	(1,2015,1865,3,0,0,0,0,0,0,0,0,0,0),
	(1,2015,1865,4,0,0,0,0,0,0,0,0,0,0),
	(1,2015,1866,1,0,0,0,0,0,0,0,0,0,0),
	(1,2015,1866,2,0,0,0,0,0,0,0,0,0,0),
	(1,2015,1866,3,0,0,0,1,0,0,0,0,0,0),
	(1,2015,1866,4,0,0,0,0,0,0,0,0,0,0),
	(1,2015,1891,1,0,0,0,0,0,0,0,0,0,0),
	(1,2015,1891,2,0,0,0,0,0,0,0,0,0,0),
	(1,2015,1891,3,0,0,0,0,0,0,0,0,0,0),
	(1,2015,1891,4,0,0,0,0,0,0,0,0,0,0),
	(1,2016,63,1,0,0,0,0,0,0,0,0,0,0),
	(1,2016,63,2,0,0,0,0,0,0,0,27,0,0),
	(1,2016,63,3,0,1,0,1,0,0,0,0,1,0),
	(1,2016,63,4,0,2,0,2,0,0,0,4,1,0),
	(1,2016,67,1,0,0,0,0,0,0,0,0,0,0),
	(1,2016,67,2,0,0,0,0,0,0,0,15,1,0),
	(1,2016,67,3,0,0,0,0,0,0,0,3,2,0),
	(1,2016,67,4,0,2,0,3,0,0,0,6,4,0),
	(1,2016,68,1,0,0,0,1,0,0,0,1,0,0),
	(1,2016,68,2,0,0,0,0,0,0,0,30,1,0),
	(1,2016,68,3,0,3,0,0,0,0,0,7,3,0),
	(1,2016,68,4,0,1,0,0,0,0,0,7,7,0),
	(1,2016,69,1,0,0,0,0,0,0,0,31,1,0),
	(1,2016,69,2,0,0,0,1,0,0,0,20,1,0),
	(1,2016,69,3,0,2,0,3,0,0,0,8,4,0),
	(1,2016,69,4,0,1,0,1,0,0,0,1,0,0),
	(1,2016,119,1,0,0,0,2,0,0,0,0,0,0),
	(1,2016,119,2,0,2,0,1,0,0,0,133,0,0),
	(1,2016,119,3,0,0,0,1,0,0,0,5,1,0),
	(1,2016,119,4,0,4,0,2,0,0,0,43,3,0),
	(1,2016,207,1,0,0,0,0,0,0,0,0,0,0),
	(1,2016,207,2,0,2,0,2,0,0,0,4,0,0),
	(1,2016,207,3,0,0,0,0,0,0,0,0,0,0),
	(1,2016,207,4,0,1,0,1,0,0,0,1,0,0),
	(1,2016,208,1,0,0,0,0,0,0,0,11,0,0),
	(1,2016,208,2,0,0,0,2,0,0,0,20,0,0),
	(1,2016,208,3,0,1,0,3,0,0,0,9,1,0),
	(1,2016,208,4,0,3,0,1,0,0,0,6,2,0),
	(1,2016,240,1,0,1,0,1,0,0,0,1,0,0),
	(1,2016,240,2,0,1,0,1,0,0,0,39,0,0),
	(1,2016,240,3,0,4,0,1,0,0,0,10,4,0),
	(1,2016,240,4,0,7,0,0,0,0,0,69,1,0),
	(1,2016,550,1,0,0,0,1,0,0,0,27,0,0),
	(1,2016,550,2,0,0,0,1,0,0,0,55,2,0),
	(1,2016,550,3,0,0,0,0,0,0,0,4,0,0),
	(1,2016,550,4,0,2,0,0,0,0,0,12,4,0),
	(1,2016,552,1,0,0,0,0,0,0,0,52,0,0),
	(1,2016,552,2,0,0,0,0,0,0,0,78,1,0),
	(1,2016,552,3,0,7,0,4,0,0,0,80,27,0),
	(1,2016,552,4,0,3,0,1,0,0,0,23,2,0),
	(1,2016,724,1,0,0,0,0,0,0,0,0,0,0),
	(1,2016,724,2,0,3,0,5,0,0,0,91,0,0),
	(1,2016,724,3,0,1,0,1,0,0,0,5,15,0),
	(1,2016,724,4,0,2,0,6,0,0,0,21,11,0),
	(1,2016,866,1,0,1,0,1,0,0,0,2,1,0),
	(1,2016,866,2,0,2,0,1,0,0,0,31,0,0),
	(1,2016,866,3,0,2,0,0,0,0,0,16,13,0),
	(1,2016,866,4,0,2,0,3,0,0,0,80,9,0),
	(1,2016,874,1,0,0,0,0,0,0,0,1,1,0),
	(1,2016,874,2,0,3,0,1,0,0,0,79,0,0),
	(1,2016,874,3,0,0,0,0,0,0,0,1,2,0),
	(1,2016,874,4,0,4,0,1,0,0,0,50,7,0),
	(1,2016,911,1,0,0,0,0,0,0,0,0,0,0),
	(1,2016,911,2,0,0,0,0,0,0,0,53,0,0),
	(1,2016,911,3,0,1,0,0,0,0,0,3,1,0),
	(1,2016,911,4,0,0,0,0,0,0,0,5,4,0),
	(1,2016,940,1,0,0,0,0,0,0,0,0,0,0),
	(1,2016,940,2,0,1,0,1,0,0,0,9,4,0),
	(1,2016,940,3,0,1,0,3,0,0,0,0,5,0),
	(1,2016,940,4,0,5,0,5,0,0,0,48,10,0),
	(1,2016,1054,1,0,0,0,1,0,0,0,59,2,0),
	(1,2016,1054,2,0,1,0,1,0,0,0,143,0,0),
	(1,2016,1054,3,0,0,0,0,0,0,0,0,2,0),
	(1,2016,1054,4,0,5,0,4,0,0,0,23,4,0),
	(1,2016,1077,1,0,2,0,1,0,0,0,20,2,0),
	(1,2016,1077,2,0,0,0,0,0,0,0,50,1,0),
	(1,2016,1077,3,0,1,0,6,0,0,0,1,0,0),
	(1,2016,1077,4,0,0,0,0,0,0,0,9,1,0),
	(1,2016,1168,1,0,0,0,0,0,0,0,0,0,0),
	(1,2016,1168,2,0,0,0,0,0,0,0,33,0,0),
	(1,2016,1168,3,0,0,0,0,0,0,0,0,5,0),
	(1,2016,1168,4,0,0,0,0,0,0,0,6,0,0),
	(1,2016,1193,1,0,7,0,7,0,0,0,441,3,0),
	(1,2016,1193,2,0,1,0,1,0,0,0,20,0,0),
	(1,2016,1193,3,0,0,0,1,0,0,0,3,1,0),
	(1,2016,1193,4,0,0,0,0,0,0,0,1,4,0),
	(1,2016,1269,1,0,0,0,0,0,0,0,5,1,0),
	(1,2016,1269,2,0,1,0,0,0,0,0,97,0,0),
	(1,2016,1269,3,0,3,0,0,0,0,0,14,2,0),
	(1,2016,1269,4,0,4,0,0,0,0,0,46,0,0),
	(1,2016,1287,1,0,0,0,0,0,0,0,17,3,0),
	(1,2016,1287,2,0,0,0,0,0,0,0,97,0,0),
	(1,2016,1287,3,0,0,0,1,0,0,0,5,5,0),
	(1,2016,1287,4,0,2,0,0,0,0,0,10,2,0),
	(1,2016,1374,1,0,2,0,5,0,0,0,70,1,0),
	(1,2016,1374,2,0,1,0,0,0,0,0,164,0,0),
	(1,2016,1374,3,0,0,0,0,0,0,0,5,1,0),
	(1,2016,1374,4,0,0,0,2,0,0,0,33,1,0),
	(1,2016,1671,1,0,0,0,0,0,0,0,10,0,0),
	(1,2016,1671,2,0,1,0,0,0,0,0,36,0,0),
	(1,2016,1671,3,0,0,0,0,0,0,0,0,0,0),
	(1,2016,1671,4,0,3,0,0,0,0,0,12,0,0),
	(1,2016,1672,1,0,0,0,0,0,0,0,0,1,0),
	(1,2016,1672,2,0,0,0,1,0,0,0,122,1,0),
	(1,2016,1672,3,0,1,0,2,0,0,0,3,6,0),
	(1,2016,1672,4,0,1,0,0,0,0,0,9,0,0),
	(1,2016,1673,1,0,1,0,0,0,0,0,7,2,0),
	(1,2016,1673,2,0,0,0,0,0,0,0,23,0,0),
	(1,2016,1673,3,0,0,0,0,0,0,0,0,1,0),
	(1,2016,1673,4,0,2,0,0,0,0,0,19,0,0),
	(1,2016,1790,1,0,0,0,0,0,0,0,0,1,0),
	(1,2016,1790,2,0,0,0,0,0,0,0,29,0,0),
	(1,2016,1790,3,0,0,0,0,0,0,0,19,8,0),
	(1,2016,1790,4,0,1,0,0,0,0,0,4,0,0),
	(1,2016,1865,1,0,0,0,1,0,0,0,0,0,0),
	(1,2016,1865,2,0,0,0,0,0,0,0,4,0,0),
	(1,2016,1865,3,0,0,0,1,0,0,0,0,2,0),
	(1,2016,1865,4,0,1,0,0,0,0,0,4,1,0),
	(1,2016,1866,1,0,0,0,0,0,0,0,42,0,0),
	(1,2016,1866,2,0,1,0,0,0,0,0,3,0,0),
	(1,2016,1866,3,0,0,0,0,0,0,0,0,1,0),
	(1,2016,1866,4,0,0,0,0,0,0,0,1,0,0),
	(1,2016,1891,1,0,0,0,0,0,0,0,0,0,0),
	(1,2016,1891,2,0,0,0,0,0,0,0,11,0,0),
	(1,2016,1891,3,0,0,0,2,0,0,0,11,2,0),
	(1,2016,1891,4,0,0,0,0,0,0,0,0,1,0),
	(2,2015,63,1,0,0,0,0,0,0,0,0,1,0),
	(2,2015,63,2,0,1,0,1,0,0,0,24,0,0),
	(2,2015,63,3,0,1,0,1,0,0,0,7,1,0),
	(2,2015,63,4,0,1,0,2,0,0,0,7,3,0),
	(2,2015,67,1,0,0,0,0,0,0,0,0,0,0),
	(2,2015,67,2,0,0,0,1,0,0,0,109,1,0),
	(2,2015,67,3,0,1,0,1,0,0,0,11,1,0),
	(2,2015,67,4,0,9,0,2,0,0,0,36,1,0),
	(2,2015,68,1,0,0,0,0,0,0,0,0,0,0),
	(2,2015,68,2,0,0,0,0,0,0,0,5,0,0),
	(2,2015,68,3,0,1,0,1,0,0,0,11,1,0),
	(2,2015,68,4,0,0,0,0,0,0,0,0,1,0),
	(2,2015,69,1,0,2,0,2,0,0,0,38,1,0),
	(2,2015,69,2,0,0,0,1,0,0,0,0,0,0),
	(2,2015,69,3,0,1,0,1,0,0,0,4,5,0),
	(2,2015,69,4,0,1,0,1,0,0,0,2,0,0),
	(2,2015,119,1,0,0,0,0,0,0,0,0,0,0),
	(2,2015,119,2,0,0,0,0,0,0,0,35,2,0),
	(2,2015,119,3,0,1,0,0,0,0,0,42,0,0),
	(2,2015,119,4,0,2,0,0,0,0,0,6,0,0),
	(2,2015,207,1,0,0,0,0,0,0,0,0,0,0),
	(2,2015,207,2,0,1,0,1,0,0,0,29,1,0),
	(2,2015,207,3,0,1,0,1,0,0,0,3,2,0),
	(2,2015,207,4,0,0,0,1,0,0,0,1,1,0),
	(2,2015,208,1,0,0,0,2,0,0,0,0,0,0),
	(2,2015,208,2,0,0,0,1,0,0,0,0,0,0),
	(2,2015,208,3,0,2,0,3,0,0,0,1,1,0),
	(2,2015,208,4,0,0,0,2,0,0,0,10,2,0),
	(2,2015,240,1,0,0,0,0,0,0,0,59,1,0),
	(2,2015,240,2,0,0,0,0,0,0,0,10,0,0),
	(2,2015,240,3,0,2,0,3,0,0,0,5,7,0),
	(2,2015,240,4,0,8,0,1,0,0,0,86,3,0),
	(2,2015,550,1,0,0,0,0,0,0,0,0,0,0),
	(2,2015,550,2,0,2,0,1,0,0,0,9,1,0),
	(2,2015,550,3,0,0,0,0,0,0,0,4,1,0),
	(2,2015,550,4,0,0,0,1,0,0,0,7,3,0),
	(2,2015,552,1,0,0,0,0,0,0,0,2,0,0),
	(2,2015,552,2,0,1,0,0,0,0,0,56,0,0),
	(2,2015,552,3,0,2,0,1,0,0,0,17,1,0),
	(2,2015,552,4,0,0,0,1,0,0,0,23,1,0),
	(2,2015,724,1,0,1,0,0,0,0,0,27,1,0),
	(2,2015,724,2,0,0,0,0,0,0,0,28,2,0),
	(2,2015,724,3,0,1,0,2,0,0,0,0,14,0),
	(2,2015,724,4,0,2,0,0,0,0,0,120,4,0),
	(2,2015,866,1,0,0,0,0,0,0,0,0,0,0),
	(2,2015,866,2,0,0,0,0,0,0,0,7,0,0),
	(2,2015,866,3,0,1,0,0,0,0,0,0,2,0),
	(2,2015,866,4,0,3,0,0,0,0,0,39,1,0),
	(2,2015,874,1,0,1,0,0,0,0,0,0,1,0),
	(2,2015,874,2,0,0,0,0,0,0,0,41,1,0),
	(2,2015,874,3,0,0,0,0,0,0,0,10,2,0),
	(2,2015,874,4,0,5,0,0,0,0,0,90,1,0),
	(2,2015,911,1,0,0,0,0,0,0,0,11,0,0),
	(2,2015,911,2,0,2,0,1,0,0,0,16,1,0),
	(2,2015,911,3,0,0,0,0,0,0,0,0,1,0),
	(2,2015,911,4,0,1,0,1,0,0,0,22,2,0),
	(2,2015,940,1,0,0,0,0,0,0,0,0,0,0),
	(2,2015,940,2,0,0,0,1,0,0,0,5,1,0),
	(2,2015,940,3,0,1,0,2,0,0,0,27,9,0),
	(2,2015,940,4,0,8,0,5,0,0,0,90,9,0),
	(2,2015,1054,1,0,1,0,4,0,0,0,22,4,0),
	(2,2015,1054,2,0,0,0,0,0,0,0,22,1,0),
	(2,2015,1054,3,0,2,0,1,0,0,0,26,9,0),
	(2,2015,1054,4,0,6,0,3,0,0,0,69,3,0),
	(2,2015,1077,1,0,2,0,1,0,0,0,10,0,0),
	(2,2015,1077,2,0,0,0,1,0,0,0,22,1,0),
	(2,2015,1077,3,0,4,0,5,0,0,0,12,5,0),
	(2,2015,1077,4,0,2,0,0,0,0,0,23,0,0),
	(2,2015,1168,1,0,0,0,0,0,0,0,0,1,0),
	(2,2015,1168,2,0,0,0,0,0,0,0,14,0,0),
	(2,2015,1168,3,0,0,0,0,0,0,0,2,1,0),
	(2,2015,1168,4,0,0,0,1,0,0,0,2,1,0),
	(2,2015,1193,1,0,3,0,3,0,0,0,334,6,0),
	(2,2015,1193,2,0,1,0,1,0,0,0,13,0,0),
	(2,2015,1193,3,0,0,0,0,0,0,0,0,0,0),
	(2,2015,1193,4,0,0,0,0,0,0,0,54,1,0),
	(2,2015,1269,1,0,1,0,3,0,0,0,60,6,0),
	(2,2015,1269,2,0,2,0,1,0,0,0,20,2,0),
	(2,2015,1269,3,0,0,0,0,0,0,0,12,0,0),
	(2,2015,1269,4,0,2,0,2,0,0,0,4,2,0),
	(2,2015,1287,1,0,0,0,0,0,0,0,23,1,0),
	(2,2015,1287,2,0,0,0,0,0,0,0,38,1,0),
	(2,2015,1287,3,0,0,0,0,0,0,0,4,0,0),
	(2,2015,1287,4,0,0,0,0,0,0,0,44,2,0),
	(2,2015,1374,1,0,0,0,0,0,0,0,14,1,0),
	(2,2015,1374,2,0,0,0,1,0,0,0,88,3,0),
	(2,2015,1374,3,0,0,0,0,0,0,0,7,0,0),
	(2,2015,1374,4,0,0,0,1,0,0,0,15,1,0),
	(2,2015,1671,1,0,0,0,0,0,0,0,0,0,0),
	(2,2015,1671,2,0,0,0,0,0,0,0,2,0,0),
	(2,2015,1671,3,0,0,0,0,0,0,0,0,3,0),
	(2,2015,1671,4,0,0,0,0,0,0,0,3,0,0),
	(2,2015,1672,1,0,0,0,0,0,0,0,1,0,0),
	(2,2015,1672,2,0,0,0,0,0,0,0,351,0,0),
	(2,2015,1672,3,0,0,0,0,0,0,0,0,1,0),
	(2,2015,1672,4,0,0,0,0,0,0,0,1,1,0),
	(2,2015,1673,1,0,0,0,0,0,0,0,0,0,0),
	(2,2015,1673,2,0,0,0,0,0,0,0,0,0,0),
	(2,2015,1673,3,0,0,0,0,0,0,0,0,0,0),
	(2,2015,1673,4,0,1,0,0,0,0,0,9,1,0),
	(2,2015,1790,1,0,0,0,0,0,0,0,0,0,0),
	(2,2015,1790,2,0,0,0,0,0,0,0,1,0,0),
	(2,2015,1790,3,0,0,0,0,0,0,0,0,2,0),
	(2,2015,1790,4,0,2,0,1,0,0,0,8,0,0),
	(2,2015,1865,1,0,0,0,0,0,0,0,0,0,0),
	(2,2015,1865,2,0,0,0,0,0,0,0,0,0,0),
	(2,2015,1865,3,0,0,0,0,0,0,0,0,0,0),
	(2,2015,1865,4,0,0,0,0,0,0,0,0,0,0),
	(2,2015,1866,1,0,0,0,0,0,0,0,0,0,0),
	(2,2015,1866,2,0,0,0,0,0,0,0,0,0,0),
	(2,2015,1866,3,0,2,0,0,0,0,0,9,0,0),
	(2,2015,1866,4,0,0,0,0,0,0,0,0,0,0),
	(2,2015,1891,1,0,0,0,0,0,0,0,0,0,0),
	(2,2015,1891,2,0,0,0,0,0,0,0,0,0,0),
	(2,2015,1891,3,0,0,0,0,0,0,0,0,0,0),
	(2,2015,1891,4,0,0,0,0,0,0,0,0,0,0),
	(2,2016,63,1,0,0,0,0,0,0,0,0,0,0),
	(2,2016,63,2,0,0,0,0,0,0,0,28,0,0),
	(2,2016,63,3,0,0,0,0,0,0,0,1,2,0),
	(2,2016,63,4,0,3,0,0,0,0,0,57,1,0),
	(2,2016,67,1,0,0,0,0,0,0,0,0,0,0),
	(2,2016,67,2,0,0,0,0,0,0,0,5,0,0),
	(2,2016,67,3,0,1,0,2,0,0,0,0,5,0),
	(2,2016,67,4,0,4,0,2,0,0,0,14,3,0),
	(2,2016,68,1,0,0,0,0,0,0,0,4,0,0),
	(2,2016,68,2,0,0,0,0,0,0,0,31,0,0),
	(2,2016,68,3,0,0,0,1,0,0,0,1,2,0),
	(2,2016,68,4,0,2,0,1,0,0,0,18,0,0),
	(2,2016,69,1,0,1,0,0,0,0,0,49,3,0),
	(2,2016,69,2,0,0,0,0,0,0,0,2,1,0),
	(2,2016,69,3,0,2,0,2,0,0,0,3,4,0),
	(2,2016,69,4,0,2,0,0,0,0,0,4,1,0),
	(2,2016,119,1,0,0,0,0,0,0,0,101,0,0),
	(2,2016,119,2,0,1,0,0,0,0,0,47,0,0),
	(2,2016,119,3,0,0,0,0,0,0,0,5,1,0),
	(2,2016,119,4,0,3,0,1,0,0,0,32,0,0),
	(2,2016,207,1,0,0,0,0,0,0,0,0,0,0),
	(2,2016,207,2,0,1,0,1,0,0,0,12,0,0),
	(2,2016,207,3,0,0,0,0,0,0,0,0,0,0),
	(2,2016,207,4,0,0,0,1,0,0,0,4,1,0),
	(2,2016,208,1,0,0,0,0,0,0,0,58,1,0),
	(2,2016,208,2,0,0,0,0,0,0,0,25,0,0),
	(2,2016,208,3,0,4,0,1,0,0,0,23,0,0),
	(2,2016,208,4,0,5,0,1,0,0,0,25,4,0),
	(2,2016,240,1,0,0,0,0,0,0,0,0,0,0),
	(2,2016,240,2,0,1,0,0,0,0,0,49,0,0),
	(2,2016,240,3,0,7,0,3,0,0,0,16,1,0),
	(2,2016,240,4,0,17,0,2,0,0,0,90,2,0),
	(2,2016,550,1,0,0,0,1,0,0,0,23,1,0),
	(2,2016,550,2,0,2,0,1,0,0,0,139,0,0),
	(2,2016,550,3,0,0,0,0,0,0,0,5,0,0),
	(2,2016,550,4,0,13,0,3,0,0,0,23,0,0),
	(2,2016,552,1,0,1,0,0,0,0,0,24,0,0),
	(2,2016,552,2,0,1,0,1,0,0,0,53,1,0),
	(2,2016,552,3,0,15,0,0,0,0,0,87,11,0),
	(2,2016,552,4,0,9,0,1,0,0,0,72,0,0),
	(2,2016,724,1,0,0,0,0,0,0,0,0,0,0),
	(2,2016,724,2,0,1,0,1,0,0,0,51,0,0),
	(2,2016,724,3,0,3,0,0,0,0,0,84,7,0),
	(2,2016,724,4,0,22,0,3,0,0,0,251,4,0),
	(2,2016,866,1,0,0,0,0,0,0,0,2,0,0),
	(2,2016,866,2,0,0,0,2,0,0,0,80,0,0),
	(2,2016,866,3,0,11,0,1,0,0,0,64,0,0),
	(2,2016,866,4,0,5,0,1,0,0,0,75,9,0),
	(2,2016,874,1,0,1,0,1,0,0,0,34,0,0),
	(2,2016,874,2,0,1,0,3,0,0,0,139,0,0),
	(2,2016,874,3,0,8,0,0,0,0,0,55,2,0),
	(2,2016,874,4,0,36,0,1,0,0,0,150,1,0),
	(2,2016,911,1,0,1,0,1,0,0,0,2,0,0),
	(2,2016,911,2,0,0,0,0,0,0,0,134,0,0),
	(2,2016,911,3,0,3,0,0,0,0,0,10,5,0),
	(2,2016,911,4,0,5,0,0,0,0,0,59,0,0),
	(2,2016,940,1,0,0,0,0,0,0,0,0,0,0),
	(2,2016,940,2,0,0,0,1,0,0,0,56,2,0),
	(2,2016,940,3,0,0,0,0,0,0,0,10,0,0),
	(2,2016,940,4,0,29,0,1,0,0,0,122,5,0),
	(2,2016,1054,1,0,1,0,0,0,0,0,149,4,0),
	(2,2016,1054,2,0,1,0,0,0,0,0,156,2,0),
	(2,2016,1054,3,0,3,0,0,0,0,0,47,0,0),
	(2,2016,1054,4,0,16,0,1,0,0,0,132,3,0),
	(2,2016,1077,1,0,1,0,3,0,0,0,23,0,0),
	(2,2016,1077,2,0,0,0,1,0,0,0,40,0,0),
	(2,2016,1077,3,0,1,0,8,0,0,0,3,11,0),
	(2,2016,1077,4,0,7,0,0,0,0,0,19,2,0),
	(2,2016,1168,1,0,0,0,0,0,0,0,0,0,0),
	(2,2016,1168,2,0,1,0,0,0,0,0,36,0,0),
	(2,2016,1168,3,0,0,0,0,0,0,0,4,0,0),
	(2,2016,1168,4,0,0,0,0,0,0,0,2,0,0),
	(2,2016,1193,1,0,2,0,4,0,0,0,278,0,0),
	(2,2016,1193,2,0,0,0,0,0,0,0,41,1,0),
	(2,2016,1193,3,0,0,0,0,0,0,0,1,1,0),
	(2,2016,1193,4,0,14,0,0,0,0,0,96,0,0),
	(2,2016,1269,1,0,0,0,0,0,0,0,84,2,0),
	(2,2016,1269,2,0,0,0,0,0,0,0,114,0,0),
	(2,2016,1269,3,0,6,0,0,0,0,0,49,0,0),
	(2,2016,1269,4,0,9,0,0,0,0,0,43,0,0),
	(2,2016,1287,1,0,0,0,0,0,0,0,0,0,0),
	(2,2016,1287,2,0,1,0,1,0,0,0,71,0,0),
	(2,2016,1287,3,0,1,0,0,0,0,0,5,2,0),
	(2,2016,1287,4,0,0,0,1,0,0,0,55,2,0),
	(2,2016,1374,1,0,1,0,1,0,0,0,24,0,0),
	(2,2016,1374,2,0,2,0,1,0,0,0,268,1,0),
	(2,2016,1374,3,0,3,0,1,0,0,0,36,1,0),
	(2,2016,1374,4,0,3,0,0,0,0,0,44,3,0),
	(2,2016,1671,1,0,1,0,0,0,0,0,0,0,0),
	(2,2016,1671,2,0,0,0,1,0,0,0,17,0,0),
	(2,2016,1671,3,0,0,0,0,0,0,0,0,0,0),
	(2,2016,1671,4,0,3,0,0,0,0,0,12,2,0),
	(2,2016,1672,1,0,0,0,0,0,0,0,0,1,0),
	(2,2016,1672,2,0,0,0,0,0,0,0,182,4,0),
	(2,2016,1672,3,0,0,0,0,0,0,0,0,3,0),
	(2,2016,1672,4,0,1,0,0,0,0,0,15,1,0),
	(2,2016,1673,1,0,2,0,3,0,0,0,6,0,0),
	(2,2016,1673,2,0,1,0,0,0,0,0,75,0,0),
	(2,2016,1673,3,0,0,0,0,0,0,0,4,0,0),
	(2,2016,1673,4,0,5,0,0,0,0,0,23,0,0),
	(2,2016,1790,1,0,0,0,0,0,0,0,0,0,0),
	(2,2016,1790,2,0,0,0,0,0,0,0,14,0,0),
	(2,2016,1790,3,0,1,0,0,0,0,0,38,0,0),
	(2,2016,1790,4,0,7,0,2,0,0,0,14,1,0),
	(2,2016,1865,1,0,0,0,0,0,0,0,18,0,0),
	(2,2016,1865,2,0,0,0,0,0,0,0,9,0,0),
	(2,2016,1865,3,0,0,0,0,0,0,0,32,1,0),
	(2,2016,1865,4,0,3,0,0,0,0,0,8,0,0),
	(2,2016,1866,1,0,3,0,0,0,0,0,50,0,0),
	(2,2016,1866,2,0,3,0,2,0,0,0,22,0,0),
	(2,2016,1866,3,0,0,0,0,0,0,0,4,0,0),
	(2,2016,1866,4,0,13,0,0,0,0,0,17,0,0),
	(2,2016,1891,1,0,0,0,0,0,0,0,0,0,0),
	(2,2016,1891,2,0,0,0,0,0,0,0,15,0,0),
	(2,2016,1891,3,0,4,0,3,0,0,0,5,3,0),
	(2,2016,1891,4,0,0,0,0,0,0,0,6,0,0),
	(3,2015,63,1,0,0,0,0,0,0,0,0,0,0),
	(3,2015,63,2,0,0,0,1,0,0,0,10,1,0),
	(3,2015,63,3,0,1,0,0,0,0,0,20,0,0),
	(3,2015,63,4,0,3,0,0,0,0,0,10,1,0),
	(3,2015,67,1,0,0,0,0,0,0,0,0,0,0),
	(3,2015,67,2,0,1,0,1,0,0,0,89,1,0),
	(3,2015,67,3,0,3,0,0,0,0,0,18,0,0),
	(3,2015,67,4,0,24,0,4,0,0,0,111,2,0),
	(3,2015,68,1,0,0,0,0,0,0,0,0,1,0),
	(3,2015,68,2,0,0,0,0,0,0,0,12,0,0),
	(3,2015,68,3,0,12,0,1,0,0,0,78,1,0),
	(3,2015,68,4,0,4,0,0,0,0,0,142,0,0),
	(3,2015,69,1,0,3,0,2,0,0,0,29,0,0),
	(3,2015,69,2,0,0,0,0,0,0,0,6,0,0),
	(3,2015,69,3,0,2,0,2,0,0,0,20,0,0),
	(3,2015,69,4,0,5,0,1,0,0,0,58,1,0),
	(3,2015,119,1,0,1,0,0,0,0,0,10,0,0),
	(3,2015,119,2,0,0,0,0,0,0,0,88,0,0),
	(3,2015,119,3,0,7,0,3,0,0,0,41,0,0),
	(3,2015,119,4,0,8,0,0,0,0,0,56,0,0),
	(3,2015,207,1,0,0,0,0,0,0,0,0,0,0),
	(3,2015,207,2,0,1,0,0,0,0,0,53,0,0),
	(3,2015,207,3,0,3,0,1,0,0,0,62,0,0),
	(3,2015,207,4,0,2,0,0,0,0,0,39,1,0),
	(3,2015,208,1,0,0,0,0,0,0,0,0,0,0),
	(3,2015,208,2,0,0,0,0,0,0,0,2,0,0),
	(3,2015,208,3,0,2,0,0,0,0,0,9,2,0),
	(3,2015,208,4,0,7,0,1,0,0,0,78,2,0),
	(3,2015,240,1,0,0,0,0,0,0,0,174,0,0),
	(3,2015,240,2,0,0,0,0,0,0,0,15,0,0),
	(3,2015,240,3,0,7,0,0,0,0,0,33,3,0),
	(3,2015,240,4,0,10,0,3,0,0,0,106,1,0),
	(3,2015,550,1,0,0,0,0,0,0,0,0,1,0),
	(3,2015,550,2,0,1,0,1,0,0,0,88,3,0),
	(3,2015,550,3,0,0,0,0,0,0,0,0,1,0),
	(3,2015,550,4,0,1,0,0,0,0,0,5,0,0),
	(3,2015,552,1,0,0,0,0,0,0,0,4,0,0),
	(3,2015,552,2,0,4,0,3,0,0,0,70,0,0),
	(3,2015,552,3,0,1,0,1,0,0,0,38,5,0),
	(3,2015,552,4,0,6,0,2,0,0,0,73,1,0),
	(3,2015,724,1,0,0,0,1,0,0,0,41,0,0),
	(3,2015,724,2,0,0,0,0,0,0,0,117,2,0),
	(3,2015,724,3,0,2,0,1,0,0,0,128,2,0),
	(3,2015,724,4,0,33,0,2,0,0,0,475,0,0),
	(3,2015,866,1,0,0,0,0,0,0,0,7,0,0),
	(3,2015,866,2,0,1,0,0,0,0,0,3,0,0),
	(3,2015,866,3,0,0,0,0,0,0,0,1,0,0),
	(3,2015,866,4,0,8,0,1,0,0,0,49,3,0),
	(3,2015,874,1,0,0,0,1,0,0,0,21,1,0),
	(3,2015,874,2,0,2,0,1,0,0,0,128,1,0),
	(3,2015,874,3,0,2,0,0,0,0,0,19,0,0),
	(3,2015,874,4,0,34,0,3,0,0,0,221,0,0),
	(3,2015,911,1,0,0,0,0,0,0,0,11,0,0),
	(3,2015,911,2,0,0,0,1,0,0,0,29,3,0),
	(3,2015,911,3,0,0,0,0,0,0,0,0,0,0),
	(3,2015,911,4,0,7,0,1,0,0,0,153,1,0),
	(3,2015,940,1,0,0,0,0,0,0,0,0,0,0),
	(3,2015,940,2,0,1,0,0,0,0,0,48,0,0),
	(3,2015,940,3,0,7,0,1,0,0,0,59,0,0),
	(3,2015,940,4,0,28,0,3,0,0,0,269,1,0),
	(3,2015,1054,1,0,4,0,4,0,0,0,7,2,0),
	(3,2015,1054,2,0,1,0,0,0,0,0,69,1,0),
	(3,2015,1054,3,0,21,0,1,0,0,0,236,1,0),
	(3,2015,1054,4,0,24,0,0,0,0,0,145,1,0),
	(3,2015,1077,1,0,0,0,1,0,0,0,0,1,0),
	(3,2015,1077,2,0,0,0,0,0,0,0,23,0,0),
	(3,2015,1077,3,0,4,0,0,0,0,0,41,0,0),
	(3,2015,1077,4,0,7,0,1,0,0,0,112,0,0),
	(3,2015,1168,1,0,0,0,0,0,0,0,0,2,0),
	(3,2015,1168,2,0,0,0,0,0,0,0,61,0,0),
	(3,2015,1168,3,0,4,0,4,0,0,0,3,0,0),
	(3,2015,1168,4,0,2,0,0,0,0,0,90,1,0),
	(3,2015,1193,1,0,4,0,4,0,0,0,290,0,0),
	(3,2015,1193,2,0,0,0,0,0,0,0,118,0,0),
	(3,2015,1193,3,0,0,0,0,0,0,0,12,0,0),
	(3,2015,1193,4,0,7,0,1,0,0,0,64,0,0),
	(3,2015,1269,1,0,2,0,2,0,0,0,89,0,0),
	(3,2015,1269,2,0,0,0,0,0,0,0,104,0,0),
	(3,2015,1269,3,0,6,0,0,0,0,0,13,0,0),
	(3,2015,1269,4,0,2,0,1,0,0,0,46,1,0),
	(3,2015,1287,1,0,0,0,0,0,0,0,32,1,0),
	(3,2015,1287,2,0,0,0,0,0,0,0,53,1,0),
	(3,2015,1287,3,0,1,0,0,0,0,0,4,2,0),
	(3,2015,1287,4,0,4,0,1,0,0,0,43,0,0),
	(3,2015,1374,1,0,0,0,0,0,0,0,12,0,0),
	(3,2015,1374,2,0,0,0,1,0,0,0,152,2,0),
	(3,2015,1374,3,0,2,0,0,0,0,0,21,0,0),
	(3,2015,1374,4,0,4,0,0,0,0,0,60,1,0),
	(3,2015,1671,1,0,0,0,0,0,0,0,0,0,0),
	(3,2015,1671,2,0,0,0,0,0,0,0,28,0,0),
	(3,2015,1671,3,0,0,0,0,0,0,0,0,0,0),
	(3,2015,1671,4,0,3,0,0,0,0,0,44,0,0),
	(3,2015,1672,1,0,0,0,0,0,0,0,8,0,0),
	(3,2015,1672,2,0,3,0,1,0,0,0,288,0,0),
	(3,2015,1672,3,0,1,0,0,0,0,0,0,0,0),
	(3,2015,1672,4,0,0,0,0,0,0,0,45,0,0),
	(3,2015,1673,1,0,0,0,0,0,0,0,0,0,0),
	(3,2015,1673,2,0,0,0,0,0,0,0,18,0,0),
	(3,2015,1673,3,0,0,0,0,0,0,0,0,0,0),
	(3,2015,1673,4,0,3,0,0,0,0,0,42,0,0),
	(3,2015,1790,1,0,0,0,0,0,0,0,0,0,0),
	(3,2015,1790,2,0,0,0,0,0,0,0,0,0,0),
	(3,2015,1790,3,0,6,0,0,0,0,0,16,0,0),
	(3,2015,1790,4,0,9,0,0,0,0,0,34,0,0),
	(3,2015,1865,1,0,0,0,0,0,0,0,0,0,0),
	(3,2015,1865,2,0,0,0,0,0,0,0,0,0,0),
	(3,2015,1865,3,0,0,0,0,0,0,0,0,0,0),
	(3,2015,1865,4,0,0,0,0,0,0,0,0,0,0),
	(3,2015,1866,1,0,0,0,0,0,0,0,0,0,0),
	(3,2015,1866,2,0,0,0,0,0,0,0,0,0,0),
	(3,2015,1866,3,0,1,0,0,0,0,0,1,1,0),
	(3,2015,1866,4,0,0,0,0,0,0,0,0,0,0),
	(3,2015,1891,1,0,0,0,0,0,0,0,0,0,0),
	(3,2015,1891,2,0,0,0,0,0,0,0,0,0,0),
	(3,2015,1891,3,0,0,0,0,0,0,0,0,0,0),
	(3,2015,1891,4,0,0,0,0,0,0,0,0,0,0),
	(3,2016,63,1,0,0,0,0,0,0,0,64,0,0),
	(3,2016,63,2,0,0,0,0,0,0,0,25,1,0),
	(3,2016,63,3,0,2,0,0,0,0,0,35,0,0),
	(3,2016,63,4,0,6,0,7,0,0,0,43,1,0),
	(3,2016,67,1,0,0,0,0,0,0,0,0,0,0),
	(3,2016,67,2,0,1,0,1,0,0,0,4,0,0),
	(3,2016,67,3,0,2,0,1,0,0,0,19,0,0),
	(3,2016,67,4,0,2,0,3,0,0,0,36,2,0),
	(3,2016,68,1,0,1,0,0,0,0,0,14,0,0),
	(3,2016,68,2,0,2,0,0,0,0,0,19,0,0),
	(3,2016,68,3,0,0,0,0,0,0,0,42,1,0),
	(3,2016,68,4,0,4,0,0,0,0,0,20,0,0),
	(3,2016,69,1,0,4,0,0,0,0,0,73,0,0),
	(3,2016,69,2,0,1,0,1,0,0,0,8,0,0),
	(3,2016,69,3,0,5,0,1,0,0,0,24,2,0),
	(3,2016,69,4,0,2,0,0,0,0,0,4,0,0),
	(3,2016,119,1,0,0,0,0,0,0,0,0,0,0),
	(3,2016,119,2,0,0,0,0,0,0,0,48,1,0),
	(3,2016,119,3,0,4,0,0,0,0,0,48,0,0),
	(3,2016,119,4,0,3,0,2,0,0,0,33,2,0),
	(3,2016,207,1,0,0,0,0,0,0,0,0,0,0),
	(3,2016,207,2,0,0,0,0,0,0,0,12,0,0),
	(3,2016,207,3,0,0,0,0,0,0,0,0,0,0),
	(3,2016,207,4,0,1,0,1,0,0,0,7,2,0),
	(3,2016,208,1,0,0,0,0,0,0,0,45,0,0),
	(3,2016,208,2,0,0,0,0,0,0,0,95,1,0),
	(3,2016,208,3,0,2,0,1,0,0,0,31,3,0),
	(3,2016,208,4,0,9,0,1,0,0,0,51,0,0),
	(3,2016,240,1,0,4,0,0,0,0,0,105,0,0),
	(3,2016,240,2,0,1,0,0,0,0,0,52,1,0),
	(3,2016,240,3,0,10,0,3,0,0,0,48,0,0),
	(3,2016,240,4,0,16,0,0,0,0,0,62,1,0),
	(3,2016,550,1,0,0,0,0,0,0,0,30,0,0),
	(3,2016,550,2,0,1,0,1,0,0,0,126,1,0),
	(3,2016,550,3,0,1,0,0,0,0,0,17,0,0),
	(3,2016,550,4,0,19,0,0,0,0,0,32,1,0),
	(3,2016,552,1,0,0,0,1,0,0,0,0,0,0),
	(3,2016,552,2,0,0,0,0,0,0,0,65,1,0),
	(3,2016,552,3,0,26,0,0,0,0,0,103,1,0),
	(3,2016,552,4,0,9,0,0,0,0,0,57,1,0),
	(3,2016,724,1,0,0,0,0,0,0,0,0,1,0),
	(3,2016,724,2,0,3,0,2,0,0,0,79,0,0),
	(3,2016,724,3,0,8,0,0,0,0,0,131,0,0),
	(3,2016,724,4,0,39,0,3,0,0,0,326,5,0),
	(3,2016,866,1,0,0,0,0,0,0,0,8,1,0),
	(3,2016,866,2,0,0,0,0,0,0,0,148,0,0),
	(3,2016,866,3,0,19,0,0,0,0,0,82,0,0),
	(3,2016,866,4,0,9,0,1,0,0,0,133,2,0),
	(3,2016,874,1,0,2,0,1,0,0,0,99,0,0),
	(3,2016,874,2,0,1,0,1,0,0,0,160,4,0),
	(3,2016,874,3,0,15,0,1,0,0,0,75,0,0),
	(3,2016,874,4,0,36,0,2,0,0,0,226,1,0),
	(3,2016,911,1,0,0,0,0,0,0,0,0,0,0),
	(3,2016,911,2,0,2,0,1,0,0,0,179,0,0),
	(3,2016,911,3,0,3,0,0,0,0,0,15,0,0),
	(3,2016,911,4,0,21,0,0,0,0,0,133,0,0),
	(3,2016,940,1,0,0,0,0,0,0,0,0,0,0),
	(3,2016,940,2,0,1,0,0,0,0,0,45,0,0),
	(3,2016,940,3,0,4,0,0,0,0,0,30,3,0),
	(3,2016,940,4,0,26,0,2,0,0,0,117,1,0),
	(3,2016,1054,1,0,3,0,1,0,0,0,166,0,0),
	(3,2016,1054,2,0,1,0,1,0,0,0,51,0,0),
	(3,2016,1054,3,0,2,0,0,0,0,0,16,0,0),
	(3,2016,1054,4,0,12,0,2,0,0,0,66,3,0),
	(3,2016,1077,1,0,0,0,0,0,0,0,60,0,0),
	(3,2016,1077,2,0,1,0,1,0,0,0,58,2,0),
	(3,2016,1077,3,0,1,0,0,0,0,0,23,10,0),
	(3,2016,1077,4,0,4,0,0,0,0,0,55,0,0),
	(3,2016,1168,1,0,0,0,0,0,0,0,0,0,0),
	(3,2016,1168,2,0,0,0,0,0,0,0,39,0,0),
	(3,2016,1168,3,0,4,0,0,0,0,0,20,0,0),
	(3,2016,1168,4,0,1,0,0,0,0,0,16,0,0),
	(3,2016,1193,1,0,4,0,3,0,0,0,322,1,0),
	(3,2016,1193,2,0,0,0,0,0,0,0,60,0,0),
	(3,2016,1193,3,0,0,0,0,0,0,0,4,0,0),
	(3,2016,1193,4,0,13,0,1,0,0,0,136,0,0),
	(3,2016,1269,1,0,1,0,0,0,0,0,23,0,0),
	(3,2016,1269,2,0,2,0,2,0,0,0,87,0,0),
	(3,2016,1269,3,0,11,0,0,0,0,0,78,0,0),
	(3,2016,1269,4,0,4,0,1,0,0,0,36,0,0),
	(3,2016,1287,1,0,2,0,1,0,0,0,116,0,0),
	(3,2016,1287,2,0,0,0,0,0,0,0,24,0,0),
	(3,2016,1287,3,0,5,0,0,0,0,0,12,0,0),
	(3,2016,1287,4,0,16,0,1,0,0,0,106,1,0),
	(3,2016,1374,1,0,0,0,2,0,0,0,26,2,0),
	(3,2016,1374,2,0,0,0,1,0,0,0,246,1,0),
	(3,2016,1374,3,0,5,0,0,0,0,0,69,0,0),
	(3,2016,1374,4,0,11,0,1,0,0,0,70,0,0),
	(3,2016,1671,1,0,0,0,1,0,0,0,0,0,0),
	(3,2016,1671,2,0,0,0,0,0,0,0,28,0,0),
	(3,2016,1671,3,0,0,0,0,0,0,0,5,0,0),
	(3,2016,1671,4,0,5,0,0,0,0,0,25,1,0),
	(3,2016,1672,1,0,0,0,0,0,0,0,0,0,0),
	(3,2016,1672,2,0,2,0,0,0,0,0,256,1,0),
	(3,2016,1672,3,0,2,0,0,0,0,0,7,1,0),
	(3,2016,1672,4,0,6,0,0,0,0,0,83,0,0),
	(3,2016,1673,1,0,0,0,0,0,0,0,0,0,0),
	(3,2016,1673,2,0,1,0,0,0,0,0,59,0,0),
	(3,2016,1673,3,0,0,0,0,0,0,0,9,0,0),
	(3,2016,1673,4,0,4,0,0,0,0,0,20,0,0),
	(3,2016,1790,1,0,0,0,0,0,0,0,0,0,0),
	(3,2016,1790,2,0,0,0,0,0,0,0,19,0,0),
	(3,2016,1790,3,0,20,0,0,0,0,0,82,0,0),
	(3,2016,1790,4,0,8,0,0,0,0,0,30,2,0),
	(3,2016,1865,1,0,1,0,0,0,0,0,20,0,0),
	(3,2016,1865,2,0,1,0,1,0,0,0,35,0,0),
	(3,2016,1865,3,0,6,0,0,0,0,0,36,0,0),
	(3,2016,1865,4,0,15,0,0,0,0,0,19,0,0),
	(3,2016,1866,1,0,0,0,0,0,0,0,28,0,0),
	(3,2016,1866,2,0,3,0,0,0,0,0,6,0,0),
	(3,2016,1866,3,0,0,0,0,0,0,0,8,0,0),
	(3,2016,1866,4,0,6,0,0,0,0,0,12,0,0),
	(3,2016,1891,1,0,0,0,0,0,0,0,0,0,0),
	(3,2016,1891,2,0,0,0,0,0,0,0,20,1,0),
	(3,2016,1891,3,0,2,0,0,0,0,0,10,2,0),
	(3,2016,1891,4,0,4,0,0,0,0,0,7,0,0),
	(4,2015,63,1,0,0,0,0,0,0,0,1,0,0),
	(4,2015,63,2,0,3,0,1,0,0,0,35,1,0),
	(4,2015,63,3,0,12,0,1,0,0,0,21,0,0),
	(4,2015,63,4,0,0,0,0,0,0,0,28,0,0),
	(4,2015,67,1,0,0,0,0,0,0,0,0,0,0),
	(4,2015,67,2,0,3,0,1,0,0,0,29,1,0),
	(4,2015,67,3,0,0,0,2,0,0,0,5,0,0),
	(4,2015,67,4,0,48,0,2,0,0,0,115,1,0),
	(4,2015,68,1,0,1,0,1,0,0,0,1,0,0),
	(4,2015,68,2,0,0,0,0,0,0,0,103,0,0),
	(4,2015,68,3,0,20,0,1,0,0,0,69,1,0),
	(4,2015,68,4,0,8,0,1,0,0,0,69,0,0),
	(4,2015,69,1,0,1,0,3,0,0,0,6,0,0),
	(4,2015,69,2,0,0,0,0,0,0,0,19,0,0),
	(4,2015,69,3,0,13,0,3,0,0,0,51,0,0),
	(4,2015,69,4,0,14,0,1,0,0,0,45,0,0),
	(4,2015,119,1,0,1,0,2,0,0,0,1,0,0),
	(4,2015,119,2,0,1,0,0,0,0,0,76,0,0),
	(4,2015,119,3,0,6,0,0,0,0,0,23,0,0),
	(4,2015,119,4,0,9,0,1,0,0,0,45,0,0),
	(4,2015,207,1,0,0,0,0,0,0,0,0,0,0),
	(4,2015,207,2,0,0,0,1,0,0,0,19,1,0),
	(4,2015,207,3,0,4,0,0,0,0,0,45,0,0),
	(4,2015,207,4,0,3,0,1,0,0,0,40,0,0),
	(4,2015,208,1,0,0,0,0,0,0,0,1,0,0),
	(4,2015,208,2,0,1,0,1,0,0,0,12,0,0),
	(4,2015,208,3,0,3,0,0,0,0,0,25,0,0),
	(4,2015,208,4,0,2,0,1,0,0,0,25,0,0),
	(4,2015,240,1,0,1,0,0,0,0,0,156,1,0),
	(4,2015,240,2,0,1,0,0,0,0,0,113,0,0),
	(4,2015,240,3,0,12,0,0,0,0,0,106,0,0),
	(4,2015,240,4,0,32,0,7,0,0,0,176,2,0),
	(4,2015,550,1,0,0,0,0,0,0,0,2,0,0),
	(4,2015,550,2,0,2,0,1,0,0,0,205,0,0),
	(4,2015,550,3,0,0,0,0,0,0,0,37,0,0),
	(4,2015,550,4,0,3,0,0,0,0,0,25,0,0),
	(4,2015,552,1,0,0,0,0,0,0,0,0,0,0),
	(4,2015,552,2,0,0,0,1,0,0,0,63,0,0),
	(4,2015,552,3,0,13,0,1,0,0,0,60,1,0),
	(4,2015,552,4,0,17,0,3,0,0,0,78,1,0),
	(4,2015,724,1,0,1,0,2,0,0,0,138,0,0),
	(4,2015,724,2,0,0,0,0,0,0,0,289,0,0),
	(4,2015,724,3,0,8,0,1,0,0,0,86,0,0),
	(4,2015,724,4,0,49,0,4,0,0,0,240,1,0),
	(4,2015,866,1,0,1,0,1,0,0,0,0,0,0),
	(4,2015,866,2,0,0,0,0,0,0,0,100,0,0),
	(4,2015,866,3,0,4,0,0,0,0,0,16,0,0),
	(4,2015,866,4,0,1,0,3,0,0,0,24,1,0),
	(4,2015,874,1,0,1,0,1,0,0,0,28,0,0),
	(4,2015,874,2,0,2,0,3,0,0,0,141,0,0),
	(4,2015,874,3,0,10,0,1,0,0,0,30,0,0),
	(4,2015,874,4,0,50,0,7,0,0,0,118,2,0),
	(4,2015,911,1,0,0,0,0,0,0,0,10,1,0),
	(4,2015,911,2,0,1,0,1,0,0,0,155,2,0),
	(4,2015,911,3,0,4,0,0,0,0,0,11,0,0),
	(4,2015,911,4,0,14,0,3,0,0,0,56,0,0),
	(4,2015,940,1,0,0,0,0,0,0,0,0,0,0),
	(4,2015,940,2,0,1,0,1,0,0,0,232,1,0),
	(4,2015,940,3,0,1,0,2,0,0,0,18,1,0),
	(4,2015,940,4,0,24,0,5,0,0,0,69,1,0),
	(4,2015,1054,1,0,1,0,2,0,0,0,92,0,0),
	(4,2015,1054,2,0,0,0,1,0,0,0,132,0,0),
	(4,2015,1054,3,0,22,0,2,0,0,0,194,1,0),
	(4,2015,1054,4,0,30,0,2,0,0,0,122,0,0),
	(4,2015,1077,1,0,0,0,0,0,0,0,60,0,0),
	(4,2015,1077,2,0,2,0,1,0,0,0,9,0,0),
	(4,2015,1077,3,0,11,0,2,0,0,0,63,0,0),
	(4,2015,1077,4,0,10,0,5,0,0,0,103,1,0),
	(4,2015,1168,1,0,0,0,0,0,0,0,0,1,0),
	(4,2015,1168,2,0,1,0,1,0,0,0,70,0,0),
	(4,2015,1168,3,0,0,0,0,0,0,0,1,0,0),
	(4,2015,1168,4,0,6,0,3,0,0,0,80,0,0),
	(4,2015,1193,1,0,1,0,1,0,0,0,417,3,0),
	(4,2015,1193,2,0,2,0,1,0,0,0,46,0,0),
	(4,2015,1193,3,0,3,0,0,0,0,0,55,1,0),
	(4,2015,1193,4,0,21,0,1,0,0,0,84,0,0),
	(4,2015,1269,1,0,0,0,1,0,0,0,35,2,0),
	(4,2015,1269,2,0,2,0,3,0,0,0,335,1,0),
	(4,2015,1269,3,0,5,0,1,0,0,0,17,0,0),
	(4,2015,1269,4,0,6,0,2,0,0,0,28,0,0),
	(4,2015,1287,1,0,1,0,1,0,0,0,28,0,0),
	(4,2015,1287,2,0,0,0,0,0,0,0,49,0,0),
	(4,2015,1287,3,0,2,0,1,0,0,0,17,0,0),
	(4,2015,1287,4,0,12,0,1,0,0,0,19,1,0),
	(4,2015,1374,1,0,0,0,0,0,0,0,19,0,0),
	(4,2015,1374,2,0,1,0,0,0,0,0,287,1,0),
	(4,2015,1374,3,0,2,0,0,0,0,0,16,0,0),
	(4,2015,1374,4,0,7,0,1,0,0,0,25,0,0),
	(4,2015,1671,1,0,0,0,0,0,0,0,0,0,0),
	(4,2015,1671,2,0,0,0,0,0,0,0,198,0,0),
	(4,2015,1671,3,0,0,0,0,0,0,0,1,0,0),
	(4,2015,1671,4,0,6,0,1,0,0,0,15,0,0),
	(4,2015,1672,1,0,0,0,0,0,0,0,5,0,0),
	(4,2015,1672,2,0,0,0,0,0,0,0,220,0,0),
	(4,2015,1672,3,0,3,0,1,0,0,0,31,0,0),
	(4,2015,1672,4,0,10,0,1,0,0,0,41,0,0),
	(4,2015,1673,1,0,0,0,0,0,0,0,0,0,0),
	(4,2015,1673,2,0,0,0,0,0,0,0,19,0,0),
	(4,2015,1673,3,0,0,0,0,0,0,0,6,0,0),
	(4,2015,1673,4,0,5,0,2,0,0,0,16,0,0),
	(4,2015,1790,1,0,0,0,0,0,0,0,0,0,0),
	(4,2015,1790,2,0,0,0,0,0,0,0,37,0,0),
	(4,2015,1790,3,0,6,0,0,0,0,0,120,0,0),
	(4,2015,1790,4,0,8,0,0,0,0,0,12,0,0),
	(4,2015,1865,1,0,0,0,0,0,0,0,0,0,0),
	(4,2015,1865,2,0,0,0,0,0,0,0,0,0,0),
	(4,2015,1865,3,0,0,0,0,0,0,0,0,0,0),
	(4,2015,1865,4,0,0,0,0,0,0,0,0,0,0),
	(4,2015,1866,1,0,0,0,0,0,0,0,0,0,0),
	(4,2015,1866,2,0,0,0,0,0,0,0,0,0,0),
	(4,2015,1866,3,0,0,0,0,0,0,0,6,0,0),
	(4,2015,1866,4,0,0,0,0,0,0,0,0,0,0),
	(4,2015,1891,1,0,0,0,0,0,0,0,0,0,0),
	(4,2015,1891,2,0,0,0,0,0,0,0,0,0,0),
	(4,2015,1891,3,0,0,0,0,0,0,0,0,0,0),
	(4,2015,1891,4,0,0,0,0,0,0,0,0,0,0),
	(4,2016,63,1,0,0,0,0,0,0,0,14,1,0),
	(4,2016,63,2,0,0,0,0,0,0,0,36,1,0),
	(4,2016,63,3,0,9,0,0,0,0,0,84,0,0),
	(4,2016,63,4,0,6,0,0,0,0,0,32,7,0),
	(4,2016,67,1,0,0,0,0,0,0,0,0,0,0),
	(4,2016,67,2,0,0,0,0,0,0,0,9,1,0),
	(4,2016,67,3,0,1,0,1,0,0,0,9,3,0),
	(4,2016,67,4,0,3,0,0,0,0,0,33,1,0),
	(4,2016,68,1,0,0,0,0,0,0,0,0,0,0),
	(4,2016,68,2,0,0,0,0,0,0,0,36,0,0),
	(4,2016,68,3,0,3,0,0,0,0,0,51,0,0),
	(4,2016,68,4,0,6,0,1,0,0,0,40,1,0),
	(4,2016,69,1,0,3,0,1,0,0,0,5,1,0),
	(4,2016,69,2,0,0,0,0,0,0,0,28,1,0),
	(4,2016,69,3,0,7,0,0,0,0,0,20,1,0),
	(4,2016,69,4,0,6,0,1,0,0,0,19,0,0),
	(4,2016,119,1,0,2,0,2,0,0,0,24,2,0),
	(4,2016,119,2,0,2,0,2,0,0,0,66,1,0),
	(4,2016,119,3,0,11,0,0,0,0,0,66,0,0),
	(4,2016,119,4,0,9,0,3,0,0,0,90,1,0),
	(4,2016,207,1,0,0,0,0,0,0,0,0,0,0),
	(4,2016,207,2,0,0,0,1,0,0,0,46,0,0),
	(4,2016,207,3,0,0,0,0,0,0,0,2,0,0),
	(4,2016,207,4,0,1,0,0,0,0,0,10,1,0),
	(4,2016,208,1,0,0,0,0,0,0,0,37,0,0),
	(4,2016,208,2,0,3,0,0,0,0,0,95,0,0),
	(4,2016,208,3,0,0,0,0,0,0,0,27,2,0),
	(4,2016,208,4,0,10,0,1,0,0,0,48,2,0),
	(4,2016,240,1,0,0,0,4,0,0,0,65,0,0),
	(4,2016,240,2,0,1,0,1,0,0,0,50,1,0),
	(4,2016,240,3,0,4,0,2,0,0,0,16,6,0),
	(4,2016,240,4,0,18,0,3,0,0,0,138,1,0),
	(4,2016,550,1,0,0,0,0,0,0,0,34,0,0),
	(4,2016,550,2,0,2,0,0,0,0,0,91,1,0),
	(4,2016,550,3,0,1,0,0,0,0,0,11,0,0),
	(4,2016,550,4,0,6,0,1,0,0,0,40,2,0),
	(4,2016,552,1,0,0,0,0,0,0,0,18,0,0),
	(4,2016,552,2,0,1,0,0,0,0,0,39,2,0),
	(4,2016,552,3,0,22,0,2,0,0,0,86,0,0),
	(4,2016,552,4,0,14,0,2,0,0,0,89,1,0),
	(4,2016,724,1,0,0,0,0,0,0,0,0,2,0),
	(4,2016,724,2,0,4,0,1,0,0,0,97,2,0),
	(4,2016,724,3,0,18,0,2,0,0,0,127,0,0),
	(4,2016,724,4,0,42,0,6,0,0,0,154,2,0),
	(4,2016,866,1,0,1,0,1,0,0,0,10,0,0),
	(4,2016,866,2,0,7,0,0,0,0,0,67,0,0),
	(4,2016,866,3,0,20,0,1,0,0,0,49,1,0),
	(4,2016,866,4,0,27,0,6,0,0,0,182,0,0),
	(4,2016,874,1,0,2,0,3,0,0,0,14,3,0),
	(4,2016,874,2,0,10,0,0,0,0,0,112,2,0),
	(4,2016,874,3,0,20,0,2,0,0,0,45,0,0),
	(4,2016,874,4,0,37,0,15,0,0,0,131,0,0),
	(4,2016,911,1,0,0,0,0,0,0,0,3,1,0),
	(4,2016,911,2,0,2,0,2,0,0,0,292,0,0),
	(4,2016,911,3,0,5,0,0,0,0,0,13,0,0),
	(4,2016,911,4,0,14,0,4,0,0,0,130,0,0),
	(4,2016,940,1,0,0,0,0,0,0,0,0,0,0),
	(4,2016,940,2,0,2,0,0,0,0,0,147,2,0),
	(4,2016,940,3,0,5,0,0,0,0,0,30,0,0),
	(4,2016,940,4,0,64,0,5,0,0,0,265,2,0),
	(4,2016,1054,1,0,3,0,2,0,0,0,103,1,0),
	(4,2016,1054,2,0,0,0,2,0,0,0,61,0,0),
	(4,2016,1054,3,0,4,0,0,0,0,0,53,0,0),
	(4,2016,1054,4,0,45,0,18,0,0,0,148,2,0),
	(4,2016,1077,1,0,2,0,0,0,0,0,118,1,0),
	(4,2016,1077,2,0,1,0,1,0,0,0,96,0,0),
	(4,2016,1077,3,0,19,0,1,0,0,0,106,0,0),
	(4,2016,1077,4,0,20,0,3,0,0,0,162,0,0),
	(4,2016,1168,1,0,0,0,0,0,0,0,0,0,0),
	(4,2016,1168,2,0,0,0,0,0,0,0,98,0,0),
	(4,2016,1168,3,0,2,0,1,0,0,0,30,0,0),
	(4,2016,1168,4,0,2,0,0,0,0,0,51,0,0),
	(4,2016,1193,1,0,4,0,1,0,0,0,373,2,0),
	(4,2016,1193,2,0,0,0,0,0,0,0,51,2,0),
	(4,2016,1193,3,0,9,0,0,0,0,0,37,0,0),
	(4,2016,1193,4,0,36,0,20,0,0,0,110,0,0),
	(4,2016,1269,1,0,0,0,2,0,0,0,55,0,0),
	(4,2016,1269,2,0,3,0,1,0,0,0,269,1,0),
	(4,2016,1269,3,0,15,0,0,0,0,0,93,0,0),
	(4,2016,1269,4,0,20,0,4,0,0,0,292,0,0),
	(4,2016,1287,1,0,0,0,1,0,0,0,17,0,0),
	(4,2016,1287,2,0,0,0,0,0,0,0,23,1,0),
	(4,2016,1287,3,0,8,0,0,0,0,0,34,0,0),
	(4,2016,1287,4,0,18,0,5,0,0,0,121,0,0),
	(4,2016,1374,1,0,1,0,1,0,0,0,92,0,0),
	(4,2016,1374,2,0,3,0,1,0,0,0,206,0,0),
	(4,2016,1374,3,0,10,0,4,0,0,0,44,1,0),
	(4,2016,1374,4,0,12,0,3,0,0,0,136,1,0),
	(4,2016,1671,1,0,0,0,1,0,0,0,0,0,0),
	(4,2016,1671,2,0,0,0,0,0,0,0,22,0,0),
	(4,2016,1671,3,0,1,0,0,0,0,0,6,0,0),
	(4,2016,1671,4,0,7,0,4,0,0,0,14,0,0),
	(4,2016,1672,1,0,0,0,0,0,0,0,40,0,0),
	(4,2016,1672,2,0,4,0,0,0,0,0,311,0,0),
	(4,2016,1672,3,0,3,0,0,0,0,0,9,0,0),
	(4,2016,1672,4,0,15,0,1,0,0,0,91,0,0),
	(4,2016,1673,1,0,0,0,0,0,0,0,0,0,0),
	(4,2016,1673,2,0,0,0,0,0,0,0,32,0,0),
	(4,2016,1673,3,0,5,0,0,0,0,0,19,0,0),
	(4,2016,1673,4,0,10,0,4,0,0,0,65,0,0),
	(4,2016,1790,1,0,0,0,0,0,0,0,0,0,0),
	(4,2016,1790,2,0,3,0,0,0,0,0,96,0,0),
	(4,2016,1790,3,0,28,0,0,0,0,0,45,0,0),
	(4,2016,1790,4,0,13,0,1,0,0,0,50,0,0),
	(4,2016,1865,1,0,0,0,0,0,0,0,0,1,0),
	(4,2016,1865,2,0,1,0,0,0,0,0,55,0,0),
	(4,2016,1865,3,0,5,0,0,0,0,0,14,0,0),
	(4,2016,1865,4,0,10,0,1,0,0,0,20,0,0),
	(4,2016,1866,1,0,4,0,0,0,0,0,17,0,0),
	(4,2016,1866,2,0,0,0,2,0,0,0,0,1,0),
	(4,2016,1866,3,0,1,0,0,0,0,0,10,0,0),
	(4,2016,1866,4,0,0,0,6,0,0,0,8,0,0),
	(4,2016,1891,1,0,0,0,0,0,0,0,15,0,0),
	(4,2016,1891,2,0,0,0,0,0,0,0,22,0,0),
	(4,2016,1891,3,0,11,0,0,0,0,0,29,1,0),
	(4,2016,1891,4,0,5,0,0,0,0,0,12,0,0),
	(5,2015,63,1,0,1,0,1,0,0,0,0,0,0),
	(5,2015,63,2,0,0,0,1,0,0,0,57,1,0),
	(5,2015,63,3,0,3,0,6,0,0,0,6,1,0),
	(5,2015,63,4,0,3,0,3,0,0,0,6,0,0),
	(5,2015,67,1,0,0,0,0,0,0,0,0,0,0),
	(5,2015,67,2,0,2,0,2,0,0,0,61,2,0),
	(5,2015,67,3,0,3,0,1,0,0,0,5,0,0),
	(5,2015,67,4,0,17,0,65,0,0,0,20,5,0),
	(5,2015,68,1,0,0,0,0,0,0,0,0,0,0),
	(5,2015,68,2,0,0,0,0,0,0,0,63,0,0),
	(5,2015,68,3,0,6,0,10,0,0,0,15,1,0),
	(5,2015,68,4,0,1,0,8,0,0,0,1,1,0),
	(5,2015,69,1,0,2,0,1,0,0,0,70,2,0),
	(5,2015,69,2,0,3,0,2,0,0,0,13,1,0),
	(5,2015,69,3,0,3,0,4,0,0,0,12,0,0),
	(5,2015,69,4,0,4,0,16,0,0,0,6,0,0),
	(5,2015,119,1,0,0,0,0,0,0,0,0,1,0),
	(5,2015,119,2,0,1,0,1,0,0,0,100,0,0),
	(5,2015,119,3,0,3,0,13,0,0,0,3,1,0),
	(5,2015,119,4,0,4,0,7,0,0,0,6,2,0),
	(5,2015,207,1,0,0,0,0,0,0,0,0,0,0),
	(5,2015,207,2,0,0,0,1,0,0,0,45,0,0),
	(5,2015,207,3,0,2,0,2,0,0,0,10,2,0),
	(5,2015,207,4,0,6,0,3,0,0,0,38,1,0),
	(5,2015,208,1,0,0,0,0,0,0,0,43,0,0),
	(5,2015,208,2,0,3,0,2,0,0,0,57,3,0),
	(5,2015,208,3,0,5,0,6,0,0,0,20,0,0),
	(5,2015,208,4,0,5,0,8,0,0,0,3,1,0),
	(5,2015,240,1,0,1,0,2,0,0,0,41,1,0),
	(5,2015,240,2,0,2,0,2,0,0,0,90,0,0),
	(5,2015,240,3,0,4,0,16,0,0,0,18,0,0),
	(5,2015,240,4,0,7,0,42,0,0,0,30,4,0),
	(5,2015,550,1,0,0,0,0,0,0,0,9,1,0),
	(5,2015,550,2,0,3,0,2,0,0,0,304,1,0),
	(5,2015,550,3,0,2,0,1,0,0,0,5,0,0),
	(5,2015,550,4,0,2,0,1,0,0,0,11,0,0),
	(5,2015,552,1,0,0,0,0,0,0,0,3,1,0),
	(5,2015,552,2,0,2,0,2,0,0,0,32,3,0),
	(5,2015,552,3,0,10,0,4,0,0,0,36,2,0),
	(5,2015,552,4,0,13,0,17,0,0,0,19,3,0),
	(5,2015,724,1,0,3,0,3,0,0,0,194,1,0),
	(5,2015,724,2,0,2,0,0,0,0,0,149,1,0),
	(5,2015,724,3,0,2,0,2,0,0,0,18,1,0),
	(5,2015,724,4,0,16,0,74,0,0,0,54,3,0),
	(5,2015,866,1,0,0,0,0,0,0,0,0,0,0),
	(5,2015,866,2,0,7,0,0,0,0,0,159,0,0),
	(5,2015,866,3,0,1,0,1,0,0,0,16,0,0),
	(5,2015,866,4,0,17,0,22,0,0,0,39,2,0),
	(5,2015,874,1,0,0,0,0,0,0,0,0,0,0),
	(5,2015,874,2,0,1,0,1,0,0,0,203,1,0),
	(5,2015,874,3,0,3,0,6,0,0,0,11,1,0),
	(5,2015,874,4,0,9,0,55,0,0,0,16,3,0),
	(5,2015,911,1,0,0,0,0,0,0,0,11,0,0),
	(5,2015,911,2,0,0,0,0,0,0,0,172,3,0),
	(5,2015,911,3,0,2,0,3,0,0,0,7,0,0),
	(5,2015,911,4,0,8,0,16,0,0,0,10,3,0),
	(5,2015,940,1,0,0,0,0,0,0,0,0,0,0),
	(5,2015,940,2,0,9,0,5,0,0,0,126,2,0),
	(5,2015,940,3,0,2,0,6,0,0,0,5,2,0),
	(5,2015,940,4,0,9,0,32,0,0,0,18,0,0),
	(5,2015,1054,1,0,0,0,0,0,0,0,175,2,0),
	(5,2015,1054,2,0,3,0,2,0,0,0,87,0,0),
	(5,2015,1054,3,0,6,0,32,0,0,0,70,2,0),
	(5,2015,1054,4,0,11,0,24,0,0,0,40,0,0),
	(5,2015,1077,1,0,4,0,0,0,0,0,123,0,0),
	(5,2015,1077,2,0,1,0,2,0,0,0,63,0,0),
	(5,2015,1077,3,0,13,0,17,0,0,0,53,0,0),
	(5,2015,1077,4,0,4,0,9,0,0,0,22,4,0),
	(5,2015,1168,1,0,0,0,0,0,0,0,0,1,0),
	(5,2015,1168,2,0,1,0,0,0,0,0,78,1,0),
	(5,2015,1168,3,0,2,0,0,0,0,0,7,2,0),
	(5,2015,1168,4,0,3,0,6,0,0,0,24,0,0),
	(5,2015,1193,1,0,4,0,4,0,0,0,327,12,0),
	(5,2015,1193,2,0,3,0,4,0,0,0,59,1,0),
	(5,2015,1193,3,0,7,0,8,0,0,0,19,1,0),
	(5,2015,1193,4,0,4,0,21,0,0,0,37,0,0),
	(5,2015,1269,1,0,0,0,0,0,0,0,20,0,0),
	(5,2015,1269,2,0,4,0,3,0,0,0,264,0,0),
	(5,2015,1269,3,0,4,0,6,0,0,0,12,0,0),
	(5,2015,1269,4,0,5,0,6,0,0,0,1,0,0),
	(5,2015,1287,1,0,1,0,0,0,0,0,8,1,0),
	(5,2015,1287,2,0,2,0,1,0,0,0,77,1,0),
	(5,2015,1287,3,0,2,0,1,0,0,0,4,1,0),
	(5,2015,1287,4,0,6,0,10,0,0,0,18,1,0),
	(5,2015,1374,1,0,2,0,1,0,0,0,61,1,0),
	(5,2015,1374,2,0,2,0,1,0,0,0,333,0,0),
	(5,2015,1374,3,0,3,0,6,0,0,0,0,0,0),
	(5,2015,1374,4,0,3,0,7,0,0,0,25,1,0),
	(5,2015,1671,1,0,0,0,0,0,0,0,0,1,0),
	(5,2015,1671,2,0,0,0,0,0,0,0,50,0,0),
	(5,2015,1671,3,0,1,0,1,0,0,0,24,0,0),
	(5,2015,1671,4,0,5,0,5,0,0,0,20,1,0),
	(5,2015,1672,1,0,0,0,0,0,0,0,9,0,0),
	(5,2015,1672,2,0,4,0,0,0,0,0,210,0,0),
	(5,2015,1672,3,0,3,0,2,0,0,0,7,0,0),
	(5,2015,1672,4,0,4,0,11,0,0,0,8,0,0),
	(5,2015,1673,1,0,0,0,0,0,0,0,0,0,0),
	(5,2015,1673,2,0,0,0,0,0,0,0,54,0,0),
	(5,2015,1673,3,0,1,0,1,0,0,0,8,0,0),
	(5,2015,1673,4,0,3,0,9,0,0,0,16,1,0),
	(5,2015,1790,1,0,0,0,0,0,0,0,0,0,0),
	(5,2015,1790,2,0,0,0,0,0,0,0,24,0,0),
	(5,2015,1790,3,0,0,0,3,0,0,0,24,0,0),
	(5,2015,1790,4,0,3,0,14,0,0,0,3,1,0),
	(5,2015,1865,1,0,0,0,0,0,0,0,0,0,0),
	(5,2015,1865,2,0,0,0,0,0,0,0,0,0,0),
	(5,2015,1865,3,0,0,0,0,0,0,0,0,0,0),
	(5,2015,1865,4,0,0,0,0,0,0,0,0,0,0),
	(5,2015,1866,1,0,0,0,0,0,0,0,0,0,0),
	(5,2015,1866,2,0,0,0,0,0,0,0,0,0,0),
	(5,2015,1866,3,0,1,0,4,0,0,0,1,0,0),
	(5,2015,1866,4,0,0,0,0,0,0,0,0,0,0),
	(5,2015,1891,1,0,0,0,0,0,0,0,0,0,0),
	(5,2015,1891,2,0,0,0,0,0,0,0,0,0,0),
	(5,2015,1891,3,0,0,0,0,0,0,0,0,0,0),
	(5,2015,1891,4,0,0,0,0,0,0,0,0,0,0),
	(5,2016,63,1,0,1,0,0,0,0,0,2,0,0),
	(5,2016,63,2,0,3,0,3,0,0,0,104,0,0),
	(5,2016,63,3,0,6,0,5,0,0,0,12,0,0),
	(5,2016,63,4,0,1,0,3,0,0,0,15,0,0),
	(5,2016,67,1,0,0,0,0,0,0,0,0,0,0),
	(5,2016,67,2,0,0,0,0,0,0,0,14,2,0),
	(5,2016,67,3,0,0,0,0,0,0,0,1,1,0),
	(5,2016,67,4,0,2,0,8,0,0,0,9,3,0),
	(5,2016,68,1,0,4,0,2,0,0,0,4,1,0),
	(5,2016,68,2,0,0,0,2,0,0,0,37,0,0),
	(5,2016,68,3,0,1,0,0,0,0,0,2,0,0),
	(5,2016,68,4,0,10,0,14,0,0,0,20,1,0),
	(5,2016,69,1,0,1,0,3,0,0,0,3,1,0),
	(5,2016,69,2,0,1,0,1,0,0,0,50,0,0),
	(5,2016,69,3,0,14,0,8,0,0,0,19,0,0),
	(5,2016,69,4,0,3,0,8,0,0,0,13,1,0),
	(5,2016,119,1,0,0,0,0,0,0,0,0,0,0),
	(5,2016,119,2,0,1,0,2,0,0,0,46,1,0),
	(5,2016,119,3,0,6,0,10,0,0,0,29,0,0),
	(5,2016,119,4,0,5,0,12,0,0,0,2,2,0),
	(5,2016,207,1,0,0,0,0,0,0,0,0,0,0),
	(5,2016,207,2,0,0,0,0,0,0,0,26,1,0),
	(5,2016,207,3,0,0,0,0,0,0,0,3,0,0),
	(5,2016,207,4,0,4,0,1,0,0,0,15,0,0),
	(5,2016,208,1,0,0,0,0,0,0,0,35,0,0),
	(5,2016,208,2,0,3,0,4,0,0,0,82,1,0),
	(5,2016,208,3,0,7,0,1,0,0,0,18,0,0),
	(5,2016,208,4,0,1,0,21,0,0,0,5,1,0),
	(5,2016,240,1,0,2,0,2,0,0,0,184,2,0),
	(5,2016,240,2,0,4,0,2,0,0,0,24,0,0),
	(5,2016,240,3,0,3,0,8,0,0,0,22,0,0),
	(5,2016,240,4,0,5,0,42,0,0,0,35,0,0),
	(5,2016,550,1,0,4,0,1,0,0,0,43,1,0),
	(5,2016,550,2,0,4,0,4,0,0,0,125,2,0),
	(5,2016,550,3,0,1,0,3,0,0,0,6,0,0),
	(5,2016,550,4,0,4,0,31,0,0,0,43,0,0),
	(5,2016,552,1,0,6,0,1,0,0,0,32,0,0),
	(5,2016,552,2,0,2,0,1,0,0,0,40,0,0),
	(5,2016,552,3,0,8,0,19,0,0,0,32,1,0),
	(5,2016,552,4,0,7,0,17,0,0,0,37,0,0),
	(5,2016,724,1,0,0,0,0,0,0,0,0,0,0),
	(5,2016,724,2,0,3,0,6,0,0,0,67,2,0),
	(5,2016,724,3,0,7,0,15,0,0,0,53,0,0),
	(5,2016,724,4,0,15,0,81,0,0,0,55,2,0),
	(5,2016,866,1,0,0,0,0,0,0,0,16,0,0),
	(5,2016,866,2,0,23,0,1,0,0,0,88,0,0),
	(5,2016,866,3,0,7,0,20,0,0,0,17,1,0),
	(5,2016,866,4,0,5,0,26,0,0,0,59,5,0),
	(5,2016,874,1,0,4,0,1,0,0,0,77,0,0),
	(5,2016,874,2,0,3,0,9,0,0,0,50,1,0),
	(5,2016,874,3,0,16,0,15,0,0,0,51,2,0),
	(5,2016,874,4,0,10,0,79,0,0,0,60,6,0),
	(5,2016,911,1,0,0,0,0,0,0,0,6,0,0),
	(5,2016,911,2,0,1,0,2,0,0,0,180,2,0),
	(5,2016,911,3,0,6,0,8,0,0,0,11,0,0),
	(5,2016,911,4,0,10,0,22,0,0,0,75,2,0),
	(5,2016,940,1,0,0,0,0,0,0,0,2,0,0),
	(5,2016,940,2,0,0,0,4,0,0,0,73,1,0),
	(5,2016,940,3,0,11,0,7,0,0,0,24,0,0),
	(5,2016,940,4,0,16,0,79,0,0,0,51,1,0),
	(5,2016,1054,1,0,2,0,3,0,0,0,62,1,0),
	(5,2016,1054,2,0,3,0,3,0,0,0,159,0,0),
	(5,2016,1054,3,0,4,0,6,0,0,0,52,0,0),
	(5,2016,1054,4,0,14,0,32,0,0,0,80,2,0),
	(5,2016,1077,1,0,18,0,5,0,0,0,222,1,0),
	(5,2016,1077,2,0,3,0,1,0,0,0,74,0,0),
	(5,2016,1077,3,0,21,0,9,0,0,0,108,0,0),
	(5,2016,1077,4,0,9,0,24,0,0,0,49,1,0),
	(5,2016,1168,1,0,0,0,0,0,0,0,0,0,0),
	(5,2016,1168,2,0,3,0,3,0,0,0,42,0,0),
	(5,2016,1168,3,0,1,0,5,0,0,0,7,1,0),
	(5,2016,1168,4,0,1,0,2,0,0,0,20,0,0),
	(5,2016,1193,1,0,0,0,5,0,0,0,228,17,0),
	(5,2016,1193,2,0,1,0,1,0,0,0,29,2,0),
	(5,2016,1193,3,0,2,0,10,0,0,0,19,0,0),
	(5,2016,1193,4,0,7,0,31,0,0,0,19,2,0),
	(5,2016,1269,1,0,6,0,1,0,0,0,39,4,0),
	(5,2016,1269,2,0,2,0,3,0,0,0,97,1,0),
	(5,2016,1269,3,0,2,0,18,0,0,0,64,0,0),
	(5,2016,1269,4,0,8,0,19,0,0,0,48,2,0),
	(5,2016,1287,1,0,10,0,3,0,0,0,21,0,0),
	(5,2016,1287,2,0,0,0,0,0,0,0,70,0,0),
	(5,2016,1287,3,0,3,0,7,0,0,0,7,0,0),
	(5,2016,1287,4,0,13,0,28,0,0,0,42,2,0),
	(5,2016,1374,1,0,4,0,0,0,0,0,141,0,0),
	(5,2016,1374,2,0,3,0,3,0,0,0,207,1,0),
	(5,2016,1374,3,0,6,0,4,0,0,0,23,2,0),
	(5,2016,1374,4,0,23,0,18,0,0,0,37,0,0),
	(5,2016,1671,1,0,0,0,0,0,0,0,0,2,0),
	(5,2016,1671,2,0,0,0,0,0,0,0,6,0,0),
	(5,2016,1671,3,0,0,0,0,0,0,0,1,0,0),
	(5,2016,1671,4,0,2,0,11,0,0,0,16,2,0),
	(5,2016,1672,1,0,0,0,0,0,0,0,16,0,0),
	(5,2016,1672,2,0,0,0,4,0,0,0,183,0,0),
	(5,2016,1672,3,0,0,0,3,0,0,0,4,0,0),
	(5,2016,1672,4,0,1,0,19,0,0,0,7,1,0),
	(5,2016,1673,1,0,0,0,0,0,0,0,0,0,0),
	(5,2016,1673,2,0,1,0,2,0,0,0,24,0,0),
	(5,2016,1673,3,0,2,0,3,0,0,0,8,0,0),
	(5,2016,1673,4,0,2,0,11,0,0,0,7,0,0),
	(5,2016,1790,1,0,7,0,1,0,0,0,7,2,0),
	(5,2016,1790,2,0,0,0,2,0,0,0,100,1,0),
	(5,2016,1790,3,0,1,0,24,0,0,0,12,0,0),
	(5,2016,1790,4,0,5,0,15,0,0,0,46,1,0),
	(5,2016,1865,1,0,8,0,4,0,0,0,14,0,0),
	(5,2016,1865,2,0,0,0,0,0,0,0,11,0,0),
	(5,2016,1865,3,0,3,0,12,0,0,0,4,0,0),
	(5,2016,1865,4,0,7,0,21,0,0,0,9,0,0),
	(5,2016,1866,1,0,4,0,3,0,0,0,19,0,0),
	(5,2016,1866,2,0,2,0,2,0,0,0,7,0,0),
	(5,2016,1866,3,0,0,0,0,0,0,0,11,0,0),
	(5,2016,1866,4,0,3,0,9,0,0,0,13,3,0),
	(5,2016,1891,1,0,8,0,1,0,0,0,10,2,0),
	(5,2016,1891,2,0,0,0,0,0,0,0,27,0,0),
	(5,2016,1891,3,0,2,0,7,0,0,0,3,0,0),
	(5,2016,1891,4,0,1,0,3,0,0,0,2,0,0),
	(6,2015,63,1,0,0,0,0,0,0,0,0,0,0),
	(6,2015,63,2,0,0,0,0,0,0,0,28,0,0),
	(6,2015,63,3,0,3,0,8,0,0,0,0,3,0),
	(6,2015,63,4,0,1,0,2,0,0,0,10,4,0),
	(6,2015,67,1,0,0,0,0,0,0,0,0,0,0),
	(6,2015,67,2,0,1,0,1,0,0,0,29,1,0),
	(6,2015,67,3,0,0,0,2,0,0,0,2,2,0),
	(6,2015,67,4,0,4,0,12,0,0,0,9,52,0),
	(6,2015,68,1,0,0,0,0,0,0,0,0,0,0),
	(6,2015,68,2,0,0,0,0,0,0,0,45,0,0),
	(6,2015,68,3,0,1,0,12,0,0,0,5,6,0),
	(6,2015,68,4,0,0,0,5,0,0,0,0,6,0),
	(6,2015,69,1,0,0,0,0,0,0,0,18,0,0),
	(6,2015,69,2,0,0,0,1,0,0,0,3,0,0),
	(6,2015,69,3,0,0,0,8,0,0,0,8,2,0),
	(6,2015,69,4,0,1,0,0,0,0,0,4,8,0),
	(6,2015,119,1,0,1,0,1,0,0,0,8,2,0),
	(6,2015,119,2,0,1,0,1,0,0,0,227,0,0),
	(6,2015,119,3,0,2,0,1,0,0,0,11,5,0),
	(6,2015,119,4,0,1,0,6,0,0,0,12,10,0),
	(6,2015,207,1,0,0,0,0,0,0,0,0,1,0),
	(6,2015,207,2,0,0,0,0,0,0,0,17,0,0),
	(6,2015,207,3,0,2,0,7,0,0,0,13,0,0),
	(6,2015,207,4,0,2,0,7,0,0,0,3,3,0),
	(6,2015,208,1,0,0,0,0,0,0,0,30,1,0),
	(6,2015,208,2,0,0,0,1,0,0,0,97,1,0),
	(6,2015,208,3,0,1,0,4,0,0,0,8,0,0),
	(6,2015,208,4,0,0,0,1,0,0,0,0,3,0),
	(6,2015,240,1,0,1,0,1,0,0,0,34,1,0),
	(6,2015,240,2,0,1,0,0,0,0,0,82,0,0),
	(6,2015,240,3,0,0,0,7,0,0,0,8,12,0),
	(6,2015,240,4,0,6,0,9,0,0,0,0,40,0),
	(6,2015,550,1,0,0,0,0,0,0,0,15,0,0),
	(6,2015,550,2,0,3,0,1,0,0,0,100,1,0),
	(6,2015,550,3,0,0,0,0,0,0,0,1,0,0),
	(6,2015,550,4,0,1,0,3,0,0,0,6,0,0),
	(6,2015,552,1,0,0,0,0,0,0,0,6,1,0),
	(6,2015,552,2,0,1,0,0,0,0,0,94,0,0),
	(6,2015,552,3,0,1,0,7,0,0,0,38,0,0),
	(6,2015,552,4,0,3,0,13,0,0,0,3,15,0),
	(6,2015,724,1,0,2,0,0,0,0,0,67,0,0),
	(6,2015,724,2,0,1,0,0,0,0,0,153,0,0),
	(6,2015,724,3,0,1,0,6,0,0,0,7,2,0),
	(6,2015,724,4,0,4,0,16,0,0,0,9,60,0),
	(6,2015,866,1,0,0,0,0,0,0,0,0,0,0),
	(6,2015,866,2,0,3,0,3,0,0,0,69,0,0),
	(6,2015,866,3,0,1,0,3,0,0,0,0,0,0),
	(6,2015,866,4,0,4,0,6,0,0,0,12,8,0),
	(6,2015,874,1,0,0,0,0,0,0,0,14,0,0),
	(6,2015,874,2,0,1,0,1,0,0,0,106,2,0),
	(6,2015,874,3,0,1,0,5,0,0,0,10,5,0),
	(6,2015,874,4,0,6,0,28,0,0,0,6,57,0),
	(6,2015,911,1,0,0,0,0,0,0,0,3,0,0),
	(6,2015,911,2,0,2,0,1,0,0,0,112,3,0),
	(6,2015,911,3,0,6,0,3,0,0,0,8,2,0),
	(6,2015,911,4,0,1,0,8,0,0,0,6,12,0),
	(6,2015,940,1,0,0,0,0,0,0,0,0,0,0),
	(6,2015,940,2,0,1,0,1,0,0,0,205,1,0),
	(6,2015,940,3,0,1,0,0,0,0,0,11,2,0),
	(6,2015,940,4,0,0,0,15,0,0,0,18,23,0),
	(6,2015,1054,1,0,2,0,1,0,0,0,145,0,0),
	(6,2015,1054,2,0,0,0,0,0,0,0,131,1,0),
	(6,2015,1054,3,0,10,0,17,0,0,0,33,33,0),
	(6,2015,1054,4,0,8,0,28,0,0,0,57,18,0),
	(6,2015,1077,1,0,2,0,1,0,0,0,29,0,0),
	(6,2015,1077,2,0,0,0,0,0,0,0,23,1,0),
	(6,2015,1077,3,0,7,0,10,0,0,0,6,4,0),
	(6,2015,1077,4,0,0,0,6,0,0,0,0,9,0),
	(6,2015,1168,1,0,0,0,0,0,0,0,0,0,0),
	(6,2015,1168,2,0,0,0,0,0,0,0,49,0,0),
	(6,2015,1168,3,0,0,0,0,0,0,0,14,0,0),
	(6,2015,1168,4,0,0,0,2,0,0,0,7,5,0),
	(6,2015,1193,1,0,6,0,1,0,0,0,157,14,0),
	(6,2015,1193,2,0,0,0,0,0,0,0,56,2,0),
	(6,2015,1193,3,0,2,0,3,0,0,0,1,3,0),
	(6,2015,1193,4,0,9,0,13,0,0,0,10,19,0),
	(6,2015,1269,1,0,0,0,0,0,0,0,18,4,0),
	(6,2015,1269,2,0,1,0,1,0,0,0,89,1,0),
	(6,2015,1269,3,0,4,0,3,0,0,0,0,7,0),
	(6,2015,1269,4,0,2,0,1,0,0,0,1,7,0),
	(6,2015,1287,1,0,0,0,0,0,0,0,0,0,0),
	(6,2015,1287,2,0,1,0,1,0,0,0,139,1,0),
	(6,2015,1287,3,0,1,0,3,0,0,0,2,1,0),
	(6,2015,1287,4,0,0,0,4,0,0,0,2,9,0),
	(6,2015,1374,1,0,0,0,0,0,0,0,11,0,0),
	(6,2015,1374,2,0,0,0,1,0,0,0,112,0,0),
	(6,2015,1374,3,0,0,0,0,0,0,0,2,2,0),
	(6,2015,1374,4,0,2,0,5,0,0,0,8,6,0),
	(6,2015,1671,1,0,0,0,0,0,0,0,0,0,0),
	(6,2015,1671,2,0,2,0,2,0,0,0,13,0,0),
	(6,2015,1671,3,0,3,0,3,0,0,0,3,1,0),
	(6,2015,1671,4,0,0,0,6,0,0,0,2,4,0),
	(6,2015,1672,1,0,0,0,0,0,0,0,4,0,0),
	(6,2015,1672,2,0,0,0,1,0,0,0,60,0,0),
	(6,2015,1672,3,0,1,0,2,0,0,0,23,2,0),
	(6,2015,1672,4,0,1,0,1,0,0,0,10,9,0),
	(6,2015,1673,1,0,2,0,0,0,0,0,3,0,0),
	(6,2015,1673,2,0,0,0,0,0,0,0,13,0,0),
	(6,2015,1673,3,0,0,0,0,0,0,0,1,0,0),
	(6,2015,1673,4,0,1,0,3,0,0,0,0,10,0),
	(6,2015,1790,1,0,0,0,0,0,0,0,0,0,0),
	(6,2015,1790,2,0,0,0,0,0,0,0,41,0,0),
	(6,2015,1790,3,0,0,0,7,0,0,0,6,4,0),
	(6,2015,1790,4,0,10,0,15,0,0,0,9,13,0),
	(6,2015,1865,1,0,0,0,0,0,0,0,0,0,0),
	(6,2015,1865,2,0,0,0,0,0,0,0,0,0,0),
	(6,2015,1865,3,0,0,0,0,0,0,0,0,0,0),
	(6,2015,1865,4,0,0,0,0,0,0,0,0,0,0),
	(6,2015,1866,1,0,0,0,0,0,0,0,0,0,0),
	(6,2015,1866,2,0,0,0,0,0,0,0,0,0,0),
	(6,2015,1866,3,0,0,0,0,0,0,0,0,0,0),
	(6,2015,1866,4,0,0,0,0,0,0,0,0,0,0),
	(6,2015,1891,1,0,0,0,0,0,0,0,0,0,0),
	(6,2015,1891,2,0,0,0,0,0,0,0,0,0,0),
	(6,2015,1891,3,0,0,0,0,0,0,0,0,0,0),
	(6,2015,1891,4,0,0,0,0,0,0,0,0,0,0),
	(6,2016,63,1,0,0,0,1,0,0,0,5,0,0),
	(6,2016,63,2,0,0,0,0,0,0,0,26,0,0),
	(6,2016,63,3,0,1,0,9,0,0,0,6,2,0),
	(6,2016,63,4,0,0,0,1,0,0,0,6,1,0),
	(6,2016,67,1,0,0,0,0,0,0,0,0,0,0),
	(6,2016,67,2,0,0,0,0,0,0,0,28,0,0),
	(6,2016,67,3,0,0,0,1,0,0,0,0,0,0),
	(6,2016,67,4,0,0,0,0,0,0,0,0,4,0),
	(6,2016,68,1,0,0,0,3,0,0,0,0,0,0),
	(6,2016,68,2,0,0,0,0,0,0,0,41,1,0),
	(6,2016,68,3,0,0,0,5,0,0,0,0,0,0),
	(6,2016,68,4,0,1,0,3,0,0,0,6,2,0),
	(6,2016,69,1,0,0,0,2,0,0,0,2,1,0),
	(6,2016,69,2,0,1,0,1,0,0,0,97,0,0),
	(6,2016,69,3,0,1,0,5,0,0,0,12,4,0),
	(6,2016,69,4,0,2,0,0,0,0,0,6,0,0),
	(6,2016,119,1,0,0,0,0,0,0,0,47,0,0),
	(6,2016,119,2,0,0,0,0,0,0,0,33,0,0),
	(6,2016,119,3,0,0,0,6,0,0,0,19,8,0),
	(6,2016,119,4,0,1,0,4,0,0,0,0,11,0),
	(6,2016,207,1,0,0,0,0,0,0,0,0,0,0),
	(6,2016,207,2,0,0,0,0,0,0,0,19,0,0),
	(6,2016,207,3,0,0,0,0,0,0,0,0,0,0),
	(6,2016,207,4,0,0,0,0,0,0,0,6,0,0),
	(6,2016,208,1,0,2,0,0,0,0,0,16,0,0),
	(6,2016,208,2,0,1,0,1,0,0,0,48,1,0),
	(6,2016,208,3,0,2,0,5,0,0,0,2,0,0),
	(6,2016,208,4,0,0,0,0,0,0,0,1,6,0),
	(6,2016,240,1,0,0,0,0,0,0,0,144,0,0),
	(6,2016,240,2,0,0,0,0,0,0,0,44,1,0),
	(6,2016,240,3,0,1,0,5,0,0,0,7,10,0),
	(6,2016,240,4,0,2,0,9,0,0,0,21,24,0),
	(6,2016,550,1,0,2,0,2,0,0,0,9,2,0),
	(6,2016,550,2,0,0,0,0,0,0,0,181,0,0),
	(6,2016,550,3,0,0,0,0,0,0,0,0,2,0),
	(6,2016,550,4,0,1,0,6,0,0,0,26,4,0),
	(6,2016,552,1,0,0,0,5,0,0,0,12,2,0),
	(6,2016,552,2,0,0,0,1,0,0,0,14,1,0),
	(6,2016,552,3,0,1,0,27,0,0,0,20,1,0),
	(6,2016,552,4,0,1,0,12,0,0,0,10,8,0),
	(6,2016,724,1,0,0,0,0,0,0,0,0,0,0),
	(6,2016,724,2,0,1,0,1,0,0,0,39,1,0),
	(6,2016,724,3,0,4,0,6,0,0,0,27,2,0),
	(6,2016,724,4,0,1,0,8,0,0,0,72,35,0),
	(6,2016,866,1,0,0,0,0,0,0,0,18,2,0),
	(6,2016,866,2,0,3,0,3,0,0,0,36,1,0),
	(6,2016,866,3,0,0,0,13,0,0,0,15,6,0),
	(6,2016,866,4,0,1,0,4,0,0,0,15,20,0),
	(6,2016,874,1,0,0,0,3,0,0,0,6,0,0),
	(6,2016,874,2,0,0,0,2,0,0,0,120,1,0),
	(6,2016,874,3,0,2,0,6,0,0,0,29,9,0),
	(6,2016,874,4,0,1,0,11,0,0,0,16,57,0),
	(6,2016,911,1,0,1,0,0,0,0,0,16,0,0),
	(6,2016,911,2,0,1,0,1,0,0,0,176,1,0),
	(6,2016,911,3,0,0,0,2,0,0,0,1,1,0),
	(6,2016,911,4,0,2,0,11,0,0,0,47,11,0),
	(6,2016,940,1,0,0,0,0,0,0,0,0,0,0),
	(6,2016,940,2,0,0,0,0,0,0,0,46,0,0),
	(6,2016,940,3,0,0,0,1,0,0,0,8,6,0),
	(6,2016,940,4,0,1,0,15,0,0,0,36,36,0),
	(6,2016,1054,1,0,2,0,1,0,0,0,6,0,0),
	(6,2016,1054,2,0,1,0,0,0,0,0,144,0,0),
	(6,2016,1054,3,0,2,0,5,0,0,0,24,4,0),
	(6,2016,1054,4,0,9,0,15,0,0,0,37,29,0),
	(6,2016,1077,1,0,1,0,13,0,0,0,55,0,0),
	(6,2016,1077,2,0,0,0,1,0,0,0,37,0,0),
	(6,2016,1077,3,0,12,0,22,0,0,0,38,7,0),
	(6,2016,1077,4,0,3,0,8,0,0,0,11,20,0),
	(6,2016,1168,1,0,0,0,0,0,0,0,3,0,0),
	(6,2016,1168,2,0,2,0,2,0,0,0,44,1,0),
	(6,2016,1168,3,0,3,0,0,0,0,0,5,5,0),
	(6,2016,1168,4,0,0,0,1,0,0,0,7,2,0),
	(6,2016,1193,1,0,2,0,1,0,0,0,474,2,0),
	(6,2016,1193,2,0,0,0,0,0,0,0,24,0,0),
	(6,2016,1193,3,0,0,0,0,0,0,0,6,8,0),
	(6,2016,1193,4,0,1,0,10,0,0,0,67,28,0),
	(6,2016,1269,1,0,0,0,5,0,0,0,57,1,0),
	(6,2016,1269,2,0,2,0,0,0,0,0,151,0,0),
	(6,2016,1269,3,0,0,0,1,0,0,0,34,10,0),
	(6,2016,1269,4,0,2,0,10,0,0,0,81,13,0),
	(6,2016,1287,1,0,0,0,7,0,0,0,92,0,0),
	(6,2016,1287,2,0,0,0,0,0,0,0,43,1,0),
	(6,2016,1287,3,0,2,0,6,0,0,0,5,4,0),
	(6,2016,1287,4,0,4,0,9,0,0,0,17,20,0),
	(6,2016,1374,1,0,2,0,3,0,0,0,3,6,0),
	(6,2016,1374,2,0,1,0,2,0,0,0,89,3,0),
	(6,2016,1374,3,0,1,0,12,0,0,0,16,4,0),
	(6,2016,1374,4,0,2,0,13,0,0,0,32,11,0),
	(6,2016,1671,1,0,0,0,0,0,0,0,0,0,0),
	(6,2016,1671,2,0,0,0,0,0,0,0,3,0,0),
	(6,2016,1671,3,0,0,0,0,0,0,0,1,0,0),
	(6,2016,1671,4,0,0,0,2,0,0,0,5,4,0),
	(6,2016,1672,1,0,0,0,0,0,0,0,0,0,0),
	(6,2016,1672,2,0,0,0,1,0,0,0,152,1,0),
	(6,2016,1672,3,0,1,0,0,0,0,0,4,1,0),
	(6,2016,1672,4,0,0,0,1,0,0,0,5,11,0),
	(6,2016,1673,1,0,0,0,0,0,0,0,0,0,0),
	(6,2016,1673,2,0,0,0,0,0,0,0,13,0,0),
	(6,2016,1673,3,0,1,0,1,0,0,0,0,0,0),
	(6,2016,1673,4,0,0,0,4,0,0,0,9,9,0),
	(6,2016,1790,1,0,2,0,8,0,0,0,2,1,0),
	(6,2016,1790,2,0,0,0,0,0,0,0,24,0,0),
	(6,2016,1790,3,0,1,0,3,0,0,0,22,21,0),
	(6,2016,1790,4,0,3,0,6,0,0,0,8,6,0),
	(6,2016,1865,1,0,0,0,4,0,0,0,4,0,0),
	(6,2016,1865,2,0,0,0,1,0,0,0,16,0,0),
	(6,2016,1865,3,0,1,0,0,0,0,0,16,5,0),
	(6,2016,1865,4,0,1,0,2,0,0,0,3,7,0),
	(6,2016,1866,1,0,0,0,2,0,0,0,5,0,0),
	(6,2016,1866,2,0,0,0,0,0,0,0,5,1,0),
	(6,2016,1866,3,0,3,0,1,0,0,0,54,0,0),
	(6,2016,1866,4,0,0,0,3,0,0,0,3,4,0),
	(6,2016,1891,1,0,0,0,7,0,0,0,0,0,0),
	(6,2016,1891,2,0,0,0,0,0,0,0,9,0,0),
	(6,2016,1891,3,0,0,0,4,0,0,0,2,0,0),
	(6,2016,1891,4,0,1,0,6,0,0,0,2,1,0),
	(7,2015,63,1,0,0,0,0,0,0,0,0,0,0),
	(7,2015,63,2,0,0,0,0,0,0,0,4,1,0),
	(7,2015,63,3,0,0,0,2,0,0,0,0,12,0),
	(7,2015,63,4,0,1,0,0,0,0,0,0,1,0),
	(7,2015,67,1,0,0,0,0,0,0,0,0,0,0),
	(7,2015,67,2,0,2,0,4,0,0,0,19,2,0),
	(7,2015,67,3,0,0,0,0,0,0,0,3,3,0),
	(7,2015,67,4,0,0,0,4,0,0,0,17,22,0),
	(7,2015,68,1,0,0,0,0,0,0,0,0,0,0),
	(7,2015,68,2,0,0,0,0,0,0,0,14,0,0),
	(7,2015,68,3,0,1,0,4,0,0,0,12,11,0),
	(7,2015,68,4,0,0,0,0,0,0,0,0,7,0),
	(7,2015,69,1,0,2,0,1,0,0,0,6,0,0),
	(7,2015,69,2,0,0,0,0,0,0,0,5,0,0),
	(7,2015,69,3,0,0,0,0,0,0,0,9,12,0),
	(7,2015,69,4,0,1,0,1,0,0,0,3,9,0),
	(7,2015,119,1,0,0,0,0,0,0,0,0,0,0),
	(7,2015,119,2,0,1,0,1,0,0,0,121,1,0),
	(7,2015,119,3,0,0,0,0,0,0,0,9,10,0),
	(7,2015,119,4,0,1,0,1,0,0,0,0,8,0),
	(7,2015,207,1,0,0,0,0,0,0,0,0,0,0),
	(7,2015,207,2,0,0,0,0,0,0,0,10,1,0),
	(7,2015,207,3,0,0,0,0,0,0,0,6,9,0),
	(7,2015,207,4,0,0,0,1,0,0,0,3,8,0),
	(7,2015,208,1,0,0,0,0,0,0,0,8,0,0),
	(7,2015,208,2,0,1,0,0,0,0,0,71,1,0),
	(7,2015,208,3,0,3,0,1,0,0,0,6,7,0),
	(7,2015,208,4,0,0,0,1,0,0,0,0,6,0),
	(7,2015,240,1,0,1,0,1,0,0,0,23,0,0),
	(7,2015,240,2,0,0,0,1,0,0,0,3,1,0),
	(7,2015,240,3,0,0,0,1,0,0,0,0,9,0),
	(7,2015,240,4,0,4,0,2,0,0,0,6,15,0),
	(7,2015,550,1,0,0,0,0,0,0,0,15,0,0),
	(7,2015,550,2,0,3,0,2,0,0,0,74,2,0),
	(7,2015,550,3,0,0,0,0,0,0,0,19,1,0),
	(7,2015,550,4,0,0,0,0,0,0,0,9,3,0),
	(7,2015,552,1,0,0,0,0,0,0,0,2,0,0),
	(7,2015,552,2,0,0,0,0,0,0,0,54,1,0),
	(7,2015,552,3,0,4,0,3,0,0,0,58,11,0),
	(7,2015,552,4,0,1,0,3,0,0,0,9,19,0),
	(7,2015,724,1,0,0,0,1,0,0,0,18,0,0),
	(7,2015,724,2,0,0,0,2,0,0,0,73,0,0),
	(7,2015,724,3,0,1,0,0,0,0,0,2,5,0),
	(7,2015,724,4,0,2,0,4,0,0,0,20,28,0),
	(7,2015,866,1,0,0,0,0,0,0,0,0,0,0),
	(7,2015,866,2,0,0,0,2,0,0,0,39,0,0),
	(7,2015,866,3,0,1,0,3,0,0,0,5,2,0),
	(7,2015,866,4,0,3,0,2,0,0,0,52,20,0),
	(7,2015,874,1,0,1,0,1,0,0,0,42,0,0),
	(7,2015,874,2,0,1,0,0,0,0,0,56,1,0),
	(7,2015,874,3,0,0,0,0,0,0,0,4,6,0),
	(7,2015,874,4,0,5,0,4,0,0,0,4,33,0),
	(7,2015,911,1,0,1,0,0,0,0,0,1,0,0),
	(7,2015,911,2,0,0,0,0,0,0,0,21,1,0),
	(7,2015,911,3,0,0,0,0,0,0,0,1,6,0),
	(7,2015,911,4,0,0,0,1,0,0,0,3,14,0),
	(7,2015,940,1,0,1,0,1,0,0,0,1,0,0),
	(7,2015,940,2,0,1,0,4,0,0,0,192,7,0),
	(7,2015,940,3,0,0,0,0,0,0,0,23,4,0),
	(7,2015,940,4,0,0,0,0,0,0,0,14,26,0),
	(7,2015,1054,1,0,2,0,1,0,0,0,3,6,0),
	(7,2015,1054,2,0,2,0,1,0,0,0,160,1,0),
	(7,2015,1054,3,0,4,0,3,0,0,0,11,17,0),
	(7,2015,1054,4,0,4,0,9,0,0,0,71,41,0),
	(7,2015,1077,1,0,1,0,3,0,0,0,12,0,0),
	(7,2015,1077,2,0,0,0,0,0,0,0,9,1,0),
	(7,2015,1077,3,0,2,0,2,0,0,0,10,25,0),
	(7,2015,1077,4,0,1,0,1,0,0,0,20,7,0),
	(7,2015,1168,1,0,1,0,0,0,0,0,1,2,0),
	(7,2015,1168,2,0,1,0,1,0,0,0,41,0,0),
	(7,2015,1168,3,0,0,0,2,0,0,0,3,0,0),
	(7,2015,1168,4,0,1,0,1,0,0,0,2,5,0),
	(7,2015,1193,1,0,3,0,3,0,0,0,234,8,0),
	(7,2015,1193,2,0,1,0,1,0,0,0,75,1,0),
	(7,2015,1193,3,0,2,0,0,0,0,0,27,4,0),
	(7,2015,1193,4,0,6,0,5,0,0,0,6,20,0),
	(7,2015,1269,1,0,0,0,0,0,0,0,13,1,0),
	(7,2015,1269,2,0,3,0,1,0,0,0,76,3,0),
	(7,2015,1269,3,0,0,0,2,0,0,0,3,6,0),
	(7,2015,1269,4,0,0,0,3,0,0,0,0,1,0),
	(7,2015,1287,1,0,0,0,0,0,0,0,0,0,0),
	(7,2015,1287,2,0,0,0,1,0,0,0,161,3,0),
	(7,2015,1287,3,0,0,0,0,0,0,0,3,3,0),
	(7,2015,1287,4,0,0,0,2,0,0,0,25,6,0),
	(7,2015,1374,1,0,1,0,2,0,0,0,3,1,0),
	(7,2015,1374,2,0,0,0,0,0,0,0,96,0,0),
	(7,2015,1374,3,0,1,0,1,0,0,0,2,5,0),
	(7,2015,1374,4,0,1,0,2,0,0,0,9,7,0),
	(7,2015,1671,1,0,0,0,0,0,0,0,0,0,0),
	(7,2015,1671,2,0,1,0,1,0,0,0,7,0,0),
	(7,2015,1671,3,0,0,0,0,0,0,0,0,3,0),
	(7,2015,1671,4,0,0,0,0,0,0,0,2,8,0),
	(7,2015,1672,1,0,0,0,0,0,0,0,1,0,0),
	(7,2015,1672,2,0,1,0,1,0,0,0,23,0,0),
	(7,2015,1672,3,0,2,0,3,0,0,0,21,2,0),
	(7,2015,1672,4,0,1,0,3,0,0,0,12,6,0),
	(7,2015,1673,1,0,0,0,2,0,0,0,0,0,0),
	(7,2015,1673,2,0,0,0,0,0,0,0,39,0,0),
	(7,2015,1673,3,0,0,0,0,0,0,0,0,1,0),
	(7,2015,1673,4,0,0,0,0,0,0,0,3,4,0),
	(7,2015,1790,1,0,0,0,0,0,0,0,0,0,0),
	(7,2015,1790,2,0,0,0,0,0,0,0,3,1,0),
	(7,2015,1790,3,0,0,0,1,0,0,0,0,6,0),
	(7,2015,1790,4,0,0,0,1,0,0,0,0,15,0),
	(7,2015,1865,1,0,0,0,0,0,0,0,0,0,0),
	(7,2015,1865,2,0,0,0,0,0,0,0,0,0,0),
	(7,2015,1865,3,0,0,0,0,0,0,0,0,0,0),
	(7,2015,1865,4,0,0,0,0,0,0,0,0,0,0),
	(7,2015,1866,1,0,0,0,0,0,0,0,0,0,0),
	(7,2015,1866,2,0,0,0,0,0,0,0,0,0,0),
	(7,2015,1866,3,0,0,0,0,0,0,0,0,4,0),
	(7,2015,1866,4,0,0,0,0,0,0,0,0,0,0),
	(7,2015,1891,1,0,0,0,0,0,0,0,0,0,0),
	(7,2015,1891,2,0,0,0,0,0,0,0,0,0,0),
	(7,2015,1891,3,0,0,0,0,0,0,0,0,0,0),
	(7,2015,1891,4,0,0,0,0,0,0,0,0,0,0),
	(7,2016,63,1,0,0,0,0,0,0,0,1,0,0),
	(7,2016,63,2,0,0,0,0,0,0,0,12,3,0),
	(7,2016,63,3,0,3,0,2,0,0,0,4,11,0),
	(7,2016,63,4,0,1,0,0,0,0,0,24,3,0),
	(7,2016,67,1,0,0,0,0,0,0,0,0,0,0),
	(7,2016,67,2,0,1,0,1,0,0,0,14,0,0),
	(7,2016,67,3,0,1,0,1,0,0,0,0,0,0),
	(7,2016,67,4,0,0,0,0,0,0,0,0,4,0),
	(7,2016,68,1,0,0,0,0,0,0,0,0,1,0),
	(7,2016,68,2,0,0,0,0,0,0,0,43,2,0),
	(7,2016,68,3,0,0,0,0,0,0,0,1,1,0),
	(7,2016,68,4,0,0,0,2,0,0,0,22,15,0),
	(7,2016,69,1,0,11,0,11,0,0,0,11,1,0),
	(7,2016,69,2,0,2,0,2,0,0,0,215,0,0),
	(7,2016,69,3,0,6,0,2,0,0,0,10,9,0),
	(7,2016,69,4,0,1,0,1,0,0,0,2,7,0),
	(7,2016,119,1,0,1,0,0,0,0,0,17,2,0),
	(7,2016,119,2,0,2,0,0,0,0,0,63,1,0),
	(7,2016,119,3,0,1,0,0,0,0,0,38,6,0),
	(7,2016,119,4,0,1,0,0,0,0,0,2,6,0),
	(7,2016,207,1,0,0,0,0,0,0,0,0,0,0),
	(7,2016,207,2,0,0,0,0,0,0,0,7,2,0),
	(7,2016,207,3,0,0,0,0,0,0,0,0,0,0),
	(7,2016,207,4,0,0,0,2,0,0,0,12,1,0),
	(7,2016,208,1,0,1,0,1,0,0,0,1,0,0),
	(7,2016,208,2,0,0,0,1,0,0,0,37,2,0),
	(7,2016,208,3,0,0,0,1,0,0,0,35,5,0),
	(7,2016,208,4,0,1,0,1,0,0,0,25,15,0),
	(7,2016,240,1,0,1,0,0,0,0,0,80,0,0),
	(7,2016,240,2,0,1,0,1,0,0,0,25,1,0),
	(7,2016,240,3,0,12,0,0,0,0,0,40,0,0),
	(7,2016,240,4,0,3,0,1,0,0,0,39,30,0),
	(7,2016,550,1,0,3,0,3,0,0,0,2,0,0),
	(7,2016,550,2,0,1,0,1,0,0,0,126,1,0),
	(7,2016,550,3,0,0,0,0,0,0,0,2,1,0),
	(7,2016,550,4,0,1,0,3,0,0,0,20,33,0),
	(7,2016,552,1,0,1,0,1,0,0,0,15,0,0),
	(7,2016,552,2,0,0,0,1,0,0,0,42,1,0),
	(7,2016,552,3,0,3,0,6,0,0,0,40,23,0),
	(7,2016,552,4,0,1,0,6,0,0,0,26,19,0),
	(7,2016,724,1,0,0,0,0,0,0,0,0,1,0),
	(7,2016,724,2,0,4,0,4,0,0,0,98,6,0),
	(7,2016,724,3,0,11,0,12,0,0,0,77,16,0),
	(7,2016,724,4,0,3,0,1,0,0,0,51,58,0),
	(7,2016,866,1,0,8,0,8,0,0,0,8,0,0),
	(7,2016,866,2,0,0,0,14,0,0,0,25,0,0),
	(7,2016,866,3,0,36,0,3,0,0,0,79,18,0),
	(7,2016,866,4,0,3,0,5,0,0,0,48,12,0),
	(7,2016,874,1,0,1,0,0,0,0,0,1,2,0),
	(7,2016,874,2,0,5,0,4,0,0,0,54,8,0),
	(7,2016,874,3,0,10,0,1,0,0,0,30,13,0),
	(7,2016,874,4,0,1,0,2,0,0,0,18,40,0),
	(7,2016,911,1,0,0,0,0,0,0,0,0,0,0),
	(7,2016,911,2,0,2,0,1,0,0,0,160,1,0),
	(7,2016,911,3,0,3,0,0,0,0,0,5,9,0),
	(7,2016,911,4,0,0,0,4,0,0,0,67,22,0),
	(7,2016,940,1,0,0,0,0,0,0,0,0,0,0),
	(7,2016,940,2,0,1,0,1,0,0,0,42,3,0),
	(7,2016,940,3,0,7,0,3,0,0,0,49,1,0),
	(7,2016,940,4,0,3,0,2,0,0,0,61,61,0),
	(7,2016,1054,1,0,2,0,4,0,0,0,45,2,0),
	(7,2016,1054,2,0,1,0,1,0,0,0,157,1,0),
	(7,2016,1054,3,0,26,0,3,0,0,0,225,5,0),
	(7,2016,1054,4,0,12,0,7,0,0,0,46,28,0),
	(7,2016,1077,1,0,9,0,9,0,0,0,145,1,0),
	(7,2016,1077,2,0,0,0,0,0,0,0,36,0,0),
	(7,2016,1077,3,0,1,0,8,0,0,0,14,14,0),
	(7,2016,1077,4,0,1,0,2,0,0,0,10,11,0),
	(7,2016,1168,1,0,2,0,2,0,0,0,6,1,0),
	(7,2016,1168,2,0,1,0,2,0,0,0,54,3,0),
	(7,2016,1168,3,0,0,0,0,0,0,0,0,0,0),
	(7,2016,1168,4,0,1,0,0,0,0,0,22,0,0),
	(7,2016,1193,1,0,9,0,5,0,0,0,459,3,0),
	(7,2016,1193,2,0,1,0,0,0,0,0,42,1,0),
	(7,2016,1193,3,0,0,0,0,0,0,0,0,2,0),
	(7,2016,1193,4,0,3,0,2,0,0,0,19,29,0),
	(7,2016,1269,1,0,6,0,6,0,0,0,45,0,0),
	(7,2016,1269,2,0,1,0,4,0,0,0,73,3,0),
	(7,2016,1269,3,0,7,0,0,0,0,0,30,9,0),
	(7,2016,1269,4,0,1,0,2,0,0,0,54,15,0),
	(7,2016,1287,1,0,1,0,1,0,0,0,18,0,0),
	(7,2016,1287,2,0,1,0,1,0,0,0,58,1,0),
	(7,2016,1287,3,0,4,0,1,0,0,0,8,7,0),
	(7,2016,1287,4,0,5,0,2,0,0,0,26,19,0),
	(7,2016,1374,1,0,3,0,5,0,0,0,9,0,0),
	(7,2016,1374,2,0,3,0,2,0,0,0,27,1,0),
	(7,2016,1374,3,0,0,0,1,0,0,0,7,13,0),
	(7,2016,1374,4,0,2,0,4,0,0,0,11,20,0),
	(7,2016,1671,1,0,1,0,1,0,0,0,2,0,0),
	(7,2016,1671,2,0,0,0,0,0,0,0,29,1,0),
	(7,2016,1671,3,0,0,0,0,0,0,0,3,0,0),
	(7,2016,1671,4,0,2,0,0,0,0,0,5,10,0),
	(7,2016,1672,1,0,0,0,0,0,0,0,0,0,0),
	(7,2016,1672,2,0,1,0,1,0,0,0,79,2,0),
	(7,2016,1672,3,0,1,0,0,0,0,0,8,2,0),
	(7,2016,1672,4,0,0,0,0,0,0,0,1,8,0),
	(7,2016,1673,1,0,0,0,0,0,0,0,0,3,0),
	(7,2016,1673,2,0,2,0,0,0,0,0,72,1,0),
	(7,2016,1673,3,0,0,0,2,0,0,0,2,4,0),
	(7,2016,1673,4,0,1,0,1,0,0,0,17,10,0),
	(7,2016,1790,1,0,0,0,0,0,0,0,0,0,0),
	(7,2016,1790,2,0,1,0,0,0,0,0,58,2,0),
	(7,2016,1790,3,0,2,0,0,0,0,0,17,4,0),
	(7,2016,1790,4,0,4,0,1,0,0,0,13,11,0),
	(7,2016,1865,1,0,2,0,2,0,0,0,11,0,0),
	(7,2016,1865,2,0,0,0,0,0,0,0,8,0,0),
	(7,2016,1865,3,0,0,0,1,0,0,0,5,7,0),
	(7,2016,1865,4,0,0,0,2,0,0,0,1,17,0),
	(7,2016,1866,1,0,1,0,2,0,0,0,20,0,0),
	(7,2016,1866,2,0,1,0,0,0,0,0,9,2,0),
	(7,2016,1866,3,0,1,0,2,0,0,0,3,0,0),
	(7,2016,1866,4,0,2,0,1,0,0,0,4,9,0),
	(7,2016,1891,1,0,0,0,0,0,0,0,0,0,0),
	(7,2016,1891,2,0,0,0,0,0,0,0,14,0,0),
	(7,2016,1891,3,0,5,0,2,0,0,0,3,7,0),
	(7,2016,1891,4,0,1,0,0,0,0,0,2,6,0),
	(8,2015,63,1,0,0,0,0,0,0,0,0,0,0),
	(8,2015,63,2,0,1,0,1,0,0,0,22,0,0),
	(8,2015,63,3,0,0,0,0,0,0,0,0,1,0),
	(8,2015,63,4,0,1,0,1,0,0,0,2,0,0),
	(8,2015,67,1,0,0,0,0,0,0,0,0,0,0),
	(8,2015,67,2,0,1,0,1,0,0,0,31,1,0),
	(8,2015,67,3,0,3,0,1,0,0,0,12,0,0),
	(8,2015,67,4,0,1,0,1,0,0,0,14,5,0),
	(8,2015,68,1,0,0,0,0,0,0,0,0,1,0),
	(8,2015,68,2,0,0,0,0,0,0,0,15,0,0),
	(8,2015,68,3,0,1,0,3,0,0,0,3,4,0),
	(8,2015,68,4,0,0,0,0,0,0,0,3,0,0),
	(8,2015,69,1,0,1,0,2,0,0,0,0,0,0),
	(8,2015,69,2,0,2,0,2,0,0,0,2,0,0),
	(8,2015,69,3,0,0,0,1,0,0,0,20,0,0),
	(8,2015,69,4,0,4,0,0,0,0,0,7,1,0),
	(8,2015,119,1,0,0,0,0,0,0,0,0,1,0),
	(8,2015,119,2,0,1,0,1,0,0,0,60,0,0),
	(8,2015,119,3,0,0,0,1,0,0,0,3,1,0),
	(8,2015,119,4,0,0,0,0,0,0,0,5,0,0),
	(8,2015,207,1,0,0,0,0,0,0,0,0,0,0),
	(8,2015,207,2,0,0,0,0,0,0,0,8,1,0),
	(8,2015,207,3,0,0,0,1,0,0,0,15,0,0),
	(8,2015,207,4,0,0,0,1,0,0,0,29,0,0),
	(8,2015,208,1,0,0,0,0,0,0,0,0,0,0),
	(8,2015,208,2,0,0,0,0,0,0,0,45,0,0),
	(8,2015,208,3,0,2,0,0,0,0,0,8,4,0),
	(8,2015,208,4,0,0,0,0,0,0,0,5,1,0),
	(8,2015,240,1,0,1,0,1,0,0,0,20,0,0),
	(8,2015,240,2,0,0,0,1,0,0,0,31,1,0),
	(8,2015,240,3,0,0,0,0,0,0,0,2,3,0),
	(8,2015,240,4,0,2,0,3,0,0,0,15,0,0),
	(8,2015,550,1,0,1,0,1,0,0,0,22,0,0),
	(8,2015,550,2,0,3,0,3,0,0,0,30,3,0),
	(8,2015,550,3,0,1,0,0,0,0,0,5,0,0),
	(8,2015,550,4,0,1,0,1,0,0,0,10,2,0),
	(8,2015,552,1,0,0,0,0,0,0,0,0,0,0),
	(8,2015,552,2,0,4,0,4,0,0,0,40,0,0),
	(8,2015,552,3,0,11,0,0,0,0,0,68,1,0),
	(8,2015,552,4,0,1,0,2,0,0,0,7,1,0),
	(8,2015,724,1,0,0,0,0,0,0,0,0,2,0),
	(8,2015,724,2,0,1,0,1,0,0,0,135,0,0),
	(8,2015,724,3,0,0,0,5,0,0,0,18,0,0),
	(8,2015,724,4,0,1,0,2,0,0,0,80,5,0),
	(8,2015,866,1,0,0,0,0,0,0,0,0,1,0),
	(8,2015,866,2,0,3,0,7,0,0,0,29,0,0),
	(8,2015,866,3,0,6,0,0,0,0,0,20,5,0),
	(8,2015,866,4,0,1,0,0,0,0,0,148,1,0),
	(8,2015,874,1,0,0,0,0,0,0,0,7,1,0),
	(8,2015,874,2,0,1,0,1,0,0,0,31,1,0),
	(8,2015,874,3,0,3,0,3,0,0,0,20,3,0),
	(8,2015,874,4,0,3,0,5,0,0,0,3,4,0),
	(8,2015,911,1,0,0,0,1,0,0,0,0,0,0),
	(8,2015,911,2,0,1,0,1,0,0,0,149,1,0),
	(8,2015,911,3,0,0,0,2,0,0,0,2,0,0),
	(8,2015,911,4,0,1,0,2,0,0,0,24,0,0),
	(8,2015,940,1,0,0,0,0,0,0,0,0,0,0),
	(8,2015,940,2,0,3,0,1,0,0,0,75,0,0),
	(8,2015,940,3,0,2,0,0,0,0,0,57,0,0),
	(8,2015,940,4,0,2,0,1,0,0,0,58,3,0),
	(8,2015,1054,1,0,3,0,1,0,0,0,44,2,0),
	(8,2015,1054,2,0,0,0,0,0,0,0,165,0,0),
	(8,2015,1054,3,0,1,0,1,0,0,0,12,1,0),
	(8,2015,1054,4,0,12,0,3,0,0,0,36,11,0),
	(8,2015,1077,1,0,1,0,1,0,0,0,15,0,0),
	(8,2015,1077,2,0,0,0,0,0,0,0,80,0,0),
	(8,2015,1077,3,0,8,0,10,0,0,0,4,3,0),
	(8,2015,1077,4,0,0,0,1,0,0,0,4,0,0),
	(8,2015,1168,1,0,0,0,1,0,0,0,0,0,0),
	(8,2015,1168,2,0,0,0,1,0,0,0,36,0,0),
	(8,2015,1168,3,0,0,0,0,0,0,0,7,2,0),
	(8,2015,1168,4,0,0,0,0,0,0,0,0,2,0),
	(8,2015,1193,1,0,6,0,5,0,0,0,261,3,0),
	(8,2015,1193,2,0,0,0,0,0,0,0,25,0,0),
	(8,2015,1193,3,0,0,0,0,0,0,0,71,0,0),
	(8,2015,1193,4,0,1,0,1,0,0,0,12,1,0),
	(8,2015,1269,1,0,4,0,4,0,0,0,45,3,0),
	(8,2015,1269,2,0,0,0,2,0,0,0,155,1,0),
	(8,2015,1269,3,0,2,0,4,0,0,0,1,3,0),
	(8,2015,1269,4,0,0,0,1,0,0,0,28,3,0),
	(8,2015,1287,1,0,1,0,0,0,0,0,1,0,0),
	(8,2015,1287,2,0,0,0,0,0,0,0,89,2,0),
	(8,2015,1287,3,0,0,0,1,0,0,0,8,0,0),
	(8,2015,1287,4,0,2,0,2,0,0,0,33,2,0),
	(8,2015,1374,1,0,0,0,0,0,0,0,0,0,0),
	(8,2015,1374,2,0,2,0,2,0,0,0,56,1,0),
	(8,2015,1374,3,0,0,0,1,0,0,0,0,0,0),
	(8,2015,1374,4,0,1,0,1,0,0,0,11,0,0),
	(8,2015,1671,1,0,0,0,0,0,0,0,0,0,0),
	(8,2015,1671,2,0,0,0,0,0,0,0,2,1,0),
	(8,2015,1671,3,0,0,0,0,0,0,0,0,0,0),
	(8,2015,1671,4,0,0,0,1,0,0,0,13,0,0),
	(8,2015,1672,1,0,0,0,0,0,0,0,1,0,0),
	(8,2015,1672,2,0,1,0,2,0,0,0,34,0,0),
	(8,2015,1672,3,0,1,0,1,0,0,0,31,1,0),
	(8,2015,1672,4,0,2,0,1,0,0,0,18,1,0),
	(8,2015,1673,1,0,0,0,0,0,0,0,0,0,0),
	(8,2015,1673,2,0,0,0,0,0,0,0,0,0,0),
	(8,2015,1673,3,0,0,0,0,0,0,0,3,0,0),
	(8,2015,1673,4,0,0,0,1,0,0,0,7,0,0),
	(8,2015,1790,1,0,2,0,2,0,0,0,3,0,0),
	(8,2015,1790,2,0,3,0,2,0,0,0,1,0,0),
	(8,2015,1790,3,0,0,0,0,0,0,0,0,1,0),
	(8,2015,1790,4,0,0,0,0,0,0,0,0,1,0),
	(8,2015,1865,1,0,0,0,0,0,0,0,0,0,0),
	(8,2015,1865,2,0,0,0,0,0,0,0,0,0,0),
	(8,2015,1865,3,0,0,0,0,0,0,0,0,0,0),
	(8,2015,1865,4,0,0,0,0,0,0,0,0,0,0),
	(8,2015,1866,1,0,0,0,0,0,0,0,0,0,0),
	(8,2015,1866,2,0,0,0,0,0,0,0,0,0,0),
	(8,2015,1866,3,0,0,0,0,0,0,0,0,0,0),
	(8,2015,1866,4,0,0,0,0,0,0,0,0,0,0),
	(8,2015,1891,1,0,0,0,0,0,0,0,0,0,0),
	(8,2015,1891,2,0,0,0,0,0,0,0,0,0,0),
	(8,2015,1891,3,0,0,0,0,0,0,0,0,0,0),
	(8,2015,1891,4,0,0,0,0,0,0,0,0,0,0),
	(8,2016,63,1,0,0,0,0,0,0,0,9,0,0),
	(8,2016,63,2,0,0,0,0,0,0,0,14,0,0),
	(8,2016,63,3,0,1,0,2,0,0,0,9,2,0),
	(8,2016,63,4,0,15,0,1,0,0,0,32,0,0),
	(8,2016,67,1,0,0,0,0,0,0,0,0,0,0),
	(8,2016,67,2,0,0,0,0,0,0,0,9,0,0),
	(8,2016,67,3,0,0,0,0,0,0,0,0,1,0),
	(8,2016,67,4,0,0,0,0,0,0,0,1,0,0),
	(8,2016,68,1,0,0,0,0,0,0,0,0,1,0),
	(8,2016,68,2,0,0,0,0,0,0,0,5,0,0),
	(8,2016,68,3,0,1,0,0,0,0,0,7,4,0),
	(8,2016,68,4,0,4,0,0,0,0,0,28,1,0),
	(8,2016,69,1,0,0,0,0,0,0,0,0,0,0),
	(8,2016,69,2,0,3,0,0,0,0,0,76,2,0),
	(8,2016,69,3,0,4,0,0,0,0,0,11,1,0),
	(8,2016,69,4,0,0,0,3,0,0,0,22,2,0),
	(8,2016,119,1,0,0,0,1,0,0,0,0,0,0),
	(8,2016,119,2,0,0,0,1,0,0,0,30,0,0),
	(8,2016,119,3,0,2,0,0,0,0,0,6,2,0),
	(8,2016,119,4,0,0,0,1,0,0,0,6,2,0),
	(8,2016,207,1,0,0,0,0,0,0,0,0,0,0),
	(8,2016,207,2,0,0,0,0,0,0,0,22,1,0),
	(8,2016,207,3,0,0,0,0,0,0,0,0,0,0),
	(8,2016,207,4,0,2,0,1,0,0,0,17,2,0),
	(8,2016,208,1,0,0,0,1,0,0,0,0,0,0),
	(8,2016,208,2,0,1,0,1,0,0,0,26,0,0),
	(8,2016,208,3,0,5,0,0,0,0,0,46,2,0),
	(8,2016,208,4,0,3,0,0,0,0,0,9,0,0),
	(8,2016,240,1,0,1,0,1,0,0,0,20,1,0),
	(8,2016,240,2,0,2,0,1,0,0,0,27,1,0),
	(8,2016,240,3,0,5,0,0,0,0,0,29,5,0),
	(8,2016,240,4,0,7,0,2,0,0,0,18,1,0),
	(8,2016,550,1,0,0,0,1,0,0,0,0,1,0),
	(8,2016,550,2,0,6,0,2,0,0,0,90,3,0),
	(8,2016,550,3,0,0,0,0,0,0,0,2,0,0),
	(8,2016,550,4,0,3,0,0,0,0,0,21,3,0),
	(8,2016,552,1,0,0,0,0,0,0,0,16,6,0),
	(8,2016,552,2,0,1,0,1,0,0,0,17,1,0),
	(8,2016,552,3,0,2,0,1,0,0,0,22,23,0),
	(8,2016,552,4,0,5,0,0,0,0,0,17,10,0),
	(8,2016,724,1,0,0,0,0,0,0,0,0,1,0),
	(8,2016,724,2,0,0,0,1,0,0,0,60,2,0),
	(8,2016,724,3,0,4,0,3,0,0,0,35,7,0),
	(8,2016,724,4,0,5,0,3,0,0,0,71,3,0),
	(8,2016,866,1,0,0,0,0,0,0,0,0,0,0),
	(8,2016,866,2,0,1,0,7,0,0,0,85,1,0),
	(8,2016,866,3,0,7,0,1,0,0,0,19,11,0),
	(8,2016,866,4,0,8,0,2,0,0,0,65,2,0),
	(8,2016,874,1,0,1,0,1,0,0,0,8,1,0),
	(8,2016,874,2,0,0,0,1,0,0,0,32,2,0),
	(8,2016,874,3,0,9,0,5,0,0,0,14,0,0),
	(8,2016,874,4,0,2,0,2,0,0,0,3,5,0),
	(8,2016,911,1,0,0,0,1,0,0,0,0,2,0),
	(8,2016,911,2,0,1,0,1,0,0,0,125,0,0),
	(8,2016,911,3,0,0,0,0,0,0,0,1,0,0),
	(8,2016,911,4,0,8,0,3,0,0,0,36,5,0),
	(8,2016,940,1,0,0,0,0,0,0,0,0,0,0),
	(8,2016,940,2,0,0,0,0,0,0,0,59,1,0),
	(8,2016,940,3,0,10,0,1,0,0,0,36,4,0),
	(8,2016,940,4,0,17,0,2,0,0,0,171,4,0),
	(8,2016,1054,1,0,0,0,1,0,0,0,11,3,0),
	(8,2016,1054,2,0,2,0,1,0,0,0,79,1,0),
	(8,2016,1054,3,0,11,0,1,0,0,0,104,5,0),
	(8,2016,1054,4,0,9,0,4,0,0,0,38,9,0),
	(8,2016,1077,1,0,2,0,2,0,0,0,93,8,0),
	(8,2016,1077,2,0,1,0,1,0,0,0,65,0,0),
	(8,2016,1077,3,0,0,0,3,0,0,0,0,12,0),
	(8,2016,1077,4,0,4,0,2,0,0,0,65,4,0),
	(8,2016,1168,1,0,0,0,0,0,0,0,0,0,0),
	(8,2016,1168,2,0,1,0,0,0,0,0,5,0,0),
	(8,2016,1168,3,0,0,0,0,0,0,0,0,0,0),
	(8,2016,1168,4,0,1,0,0,0,0,0,5,1,0),
	(8,2016,1193,1,0,3,0,4,0,0,0,192,10,0),
	(8,2016,1193,2,0,0,0,1,0,0,0,46,0,0),
	(8,2016,1193,3,0,0,0,0,0,0,0,0,0,0),
	(8,2016,1193,4,0,3,0,2,0,0,0,20,4,0),
	(8,2016,1269,1,0,3,0,2,0,0,0,140,3,0),
	(8,2016,1269,2,0,1,0,0,0,0,0,39,2,0),
	(8,2016,1269,3,0,8,0,0,0,0,0,46,0,0),
	(8,2016,1269,4,0,3,0,3,0,0,0,23,5,0),
	(8,2016,1287,1,0,1,0,1,0,0,0,44,4,0),
	(8,2016,1287,2,0,1,0,0,0,0,0,81,0,0),
	(8,2016,1287,3,0,5,0,0,0,0,0,7,2,0),
	(8,2016,1287,4,0,2,0,6,0,0,0,5,3,0),
	(8,2016,1374,1,0,0,0,1,0,0,0,0,1,0),
	(8,2016,1374,2,0,0,0,1,0,0,0,69,2,0),
	(8,2016,1374,3,0,5,0,2,0,0,0,22,2,0),
	(8,2016,1374,4,0,1,0,3,0,0,0,31,7,0),
	(8,2016,1671,1,0,0,0,0,0,0,0,0,1,0),
	(8,2016,1671,2,0,0,0,0,0,0,0,17,0,0),
	(8,2016,1671,3,0,0,0,0,0,0,0,0,0,0),
	(8,2016,1671,4,0,1,0,0,0,0,0,17,1,0),
	(8,2016,1672,1,0,0,0,0,0,0,0,0,0,0),
	(8,2016,1672,2,0,0,0,0,0,0,0,73,2,0),
	(8,2016,1672,3,0,7,0,0,0,0,0,10,0,0),
	(8,2016,1672,4,0,0,0,0,0,0,0,1,1,0),
	(8,2016,1673,1,0,0,0,0,0,0,0,0,0,0),
	(8,2016,1673,2,0,0,0,2,0,0,0,12,0,0),
	(8,2016,1673,3,0,1,0,0,0,0,0,2,0,0),
	(8,2016,1673,4,0,0,0,0,0,0,0,15,1,0),
	(8,2016,1790,1,0,1,0,1,0,0,0,1,1,0),
	(8,2016,1790,2,0,0,0,0,0,0,0,5,0,0),
	(8,2016,1790,3,0,9,0,0,0,0,0,27,0,0),
	(8,2016,1790,4,0,10,0,2,0,0,0,12,5,0),
	(8,2016,1865,1,0,0,0,0,0,0,0,7,1,0),
	(8,2016,1865,2,0,1,0,1,0,0,0,38,1,0),
	(8,2016,1865,3,0,0,0,0,0,0,0,1,1,0),
	(8,2016,1865,4,0,0,0,0,0,0,0,8,1,0),
	(8,2016,1866,1,0,0,0,0,0,0,0,15,0,0),
	(8,2016,1866,2,0,0,0,1,0,0,0,8,0,0),
	(8,2016,1866,3,0,0,0,1,0,0,0,3,2,0),
	(8,2016,1866,4,0,0,0,0,0,0,0,19,3,0),
	(8,2016,1891,1,0,0,0,0,0,0,0,0,1,0),
	(8,2016,1891,2,0,0,0,0,0,0,0,7,0,0),
	(8,2016,1891,3,0,1,0,4,0,0,0,0,4,0),
	(8,2016,1891,4,0,1,0,0,0,0,0,7,2,0),
	(9,2015,63,1,0,0,0,0,0,0,0,0,0,0),
	(9,2015,63,2,0,0,0,0,0,0,0,30,0,0),
	(9,2015,63,3,0,1,0,2,0,0,0,20,0,0),
	(9,2015,63,4,0,3,0,0,0,0,0,57,0,0),
	(9,2015,67,1,0,0,0,0,0,0,0,0,0,0),
	(9,2015,67,2,0,0,0,0,0,0,0,74,0,0),
	(9,2015,67,3,0,2,0,0,0,0,0,8,1,0),
	(9,2015,67,4,0,9,0,1,0,0,0,90,0,0),
	(9,2015,68,1,0,0,0,0,0,0,0,9,0,0),
	(9,2015,68,2,0,1,0,1,0,0,0,36,0,0),
	(9,2015,68,3,0,7,0,0,0,0,0,6,4,0),
	(9,2015,68,4,0,6,0,0,0,0,0,24,0,0),
	(9,2015,69,1,0,2,0,1,0,0,0,20,1,0),
	(9,2015,69,2,0,1,0,1,0,0,0,39,0,0),
	(9,2015,69,3,0,3,0,0,0,0,0,35,1,0),
	(9,2015,69,4,0,9,0,1,0,0,0,12,0,0),
	(9,2015,119,1,0,0,0,0,0,0,0,0,0,0),
	(9,2015,119,2,0,2,0,1,0,0,0,80,0,0),
	(9,2015,119,3,0,4,0,0,0,0,0,22,1,0),
	(9,2015,119,4,0,2,0,5,0,0,0,28,0,0),
	(9,2015,207,1,0,0,0,0,0,0,0,0,0,0),
	(9,2015,207,2,0,0,0,0,0,0,0,15,0,0),
	(9,2015,207,3,0,2,0,0,0,0,0,2,0,0),
	(9,2015,207,4,0,0,0,0,0,0,0,35,1,0),
	(9,2015,208,1,0,0,0,0,0,0,0,9,0,0),
	(9,2015,208,2,0,1,0,1,0,0,0,25,1,0),
	(9,2015,208,3,0,9,0,1,0,0,0,18,0,0),
	(9,2015,208,4,0,8,0,1,0,0,0,43,0,0),
	(9,2015,240,1,0,0,0,0,0,0,0,34,2,0),
	(9,2015,240,2,0,0,0,0,0,0,0,13,0,0),
	(9,2015,240,3,0,4,0,0,0,0,0,30,0,0),
	(9,2015,240,4,0,6,0,0,0,0,0,22,4,0),
	(9,2015,550,1,0,0,0,0,0,0,0,30,0,0),
	(9,2015,550,2,0,0,0,3,0,0,0,51,2,0),
	(9,2015,550,3,0,1,0,0,0,0,0,37,0,0),
	(9,2015,550,4,0,3,0,2,0,0,0,11,0,0),
	(9,2015,552,1,0,0,0,0,0,0,0,5,0,0),
	(9,2015,552,2,0,1,0,2,0,0,0,11,0,0),
	(9,2015,552,3,0,11,0,2,0,0,0,109,1,0),
	(9,2015,552,4,0,11,0,0,0,0,0,65,1,0),
	(9,2015,724,1,0,1,0,1,0,0,0,0,0,0),
	(9,2015,724,2,0,1,0,0,0,0,0,84,1,0),
	(9,2015,724,3,0,7,0,0,0,0,0,124,5,0),
	(9,2015,724,4,0,17,0,2,0,0,0,98,5,0),
	(9,2015,866,1,0,0,0,0,0,0,0,38,0,0),
	(9,2015,866,2,0,0,0,1,0,0,0,20,2,0),
	(9,2015,866,3,0,3,0,0,0,0,0,17,0,0),
	(9,2015,866,4,0,11,0,1,0,0,0,119,0,0),
	(9,2015,874,1,0,1,0,1,0,0,0,36,0,0),
	(9,2015,874,2,0,2,0,4,0,0,0,47,2,0),
	(9,2015,874,3,0,6,0,1,0,0,0,42,0,0),
	(9,2015,874,4,0,8,0,1,0,0,0,33,1,0),
	(9,2015,911,1,0,0,0,0,0,0,0,0,0,0),
	(9,2015,911,2,0,1,0,0,0,0,0,15,1,0),
	(9,2015,911,3,0,1,0,1,0,0,0,12,1,0),
	(9,2015,911,4,0,2,0,0,0,0,0,32,2,0),
	(9,2015,940,1,0,0,0,0,0,0,0,0,1,0),
	(9,2015,940,2,0,3,0,1,0,0,0,82,2,0),
	(9,2015,940,3,0,0,0,1,0,0,0,16,0,0),
	(9,2015,940,4,0,7,0,4,0,0,0,80,1,0),
	(9,2015,1054,1,0,0,0,3,0,0,0,49,1,0),
	(9,2015,1054,2,0,1,0,2,0,0,0,130,1,0),
	(9,2015,1054,3,0,3,0,0,0,0,0,23,1,0),
	(9,2015,1054,4,0,15,0,17,0,0,0,39,4,0),
	(9,2015,1077,1,0,0,0,0,0,0,0,25,0,0),
	(9,2015,1077,2,0,1,0,0,0,0,0,179,0,0),
	(9,2015,1077,3,0,8,0,1,0,0,0,42,0,0),
	(9,2015,1077,4,0,5,0,2,0,0,0,37,2,0),
	(9,2015,1168,1,0,0,0,0,0,0,0,0,1,0),
	(9,2015,1168,2,0,0,0,0,0,0,0,41,0,0),
	(9,2015,1168,3,0,0,0,0,0,0,0,5,0,0),
	(9,2015,1168,4,0,0,0,0,0,0,0,19,0,0),
	(9,2015,1193,1,0,8,0,6,0,0,0,250,2,0),
	(9,2015,1193,2,0,0,0,0,0,0,0,24,0,0),
	(9,2015,1193,3,0,1,0,1,0,0,0,14,0,0),
	(9,2015,1193,4,0,5,0,2,0,0,0,40,1,0),
	(9,2015,1269,1,0,0,0,0,0,0,0,48,0,0),
	(9,2015,1269,2,0,2,0,2,0,0,0,139,1,0),
	(9,2015,1269,3,0,0,0,1,0,0,0,0,0,0),
	(9,2015,1269,4,0,0,0,0,0,0,0,18,1,0),
	(9,2015,1287,1,0,0,0,1,0,0,0,0,0,0),
	(9,2015,1287,2,0,0,0,0,0,0,0,101,0,0),
	(9,2015,1287,3,0,4,0,0,0,0,0,38,0,0),
	(9,2015,1287,4,0,6,0,3,0,0,0,40,3,0),
	(9,2015,1374,1,0,0,0,0,0,0,0,75,1,0),
	(9,2015,1374,2,0,0,0,0,0,0,0,89,0,0),
	(9,2015,1374,3,0,2,0,0,0,0,0,14,1,0),
	(9,2015,1374,4,0,1,0,0,0,0,0,9,1,0),
	(9,2015,1671,1,0,0,0,0,0,0,0,9,0,0),
	(9,2015,1671,2,0,0,0,0,0,0,0,9,1,0),
	(9,2015,1671,3,0,0,0,0,0,0,0,0,0,0),
	(9,2015,1671,4,0,5,0,1,0,0,0,2,1,0),
	(9,2015,1672,1,0,0,0,0,0,0,0,6,0,0),
	(9,2015,1672,2,0,1,0,0,0,0,0,53,0,0),
	(9,2015,1672,3,0,4,0,3,0,0,0,8,1,0),
	(9,2015,1672,4,0,2,0,1,0,0,0,12,0,0),
	(9,2015,1673,1,0,0,0,0,0,0,0,0,0,0),
	(9,2015,1673,2,0,0,0,0,0,0,0,0,0,0),
	(9,2015,1673,3,0,0,0,0,0,0,0,0,0,0),
	(9,2015,1673,4,0,0,0,0,0,0,0,0,0,0),
	(9,2015,1790,1,0,0,0,0,0,0,0,0,0,0),
	(9,2015,1790,2,0,0,0,0,0,0,0,5,0,0),
	(9,2015,1790,3,0,0,0,0,0,0,0,18,0,0),
	(9,2015,1790,4,0,1,0,0,0,0,0,2,0,0),
	(9,2015,1865,1,0,0,0,0,0,0,0,0,0,0),
	(9,2015,1865,2,0,0,0,0,0,0,0,2,0,0),
	(9,2015,1865,3,0,2,0,0,0,0,0,15,0,0),
	(9,2015,1865,4,0,0,0,0,0,0,0,0,0,0),
	(9,2015,1866,1,0,0,0,0,0,0,0,0,0,0),
	(9,2015,1866,2,0,0,0,0,0,0,0,0,0,0),
	(9,2015,1866,3,0,1,0,1,0,0,0,7,0,0),
	(9,2015,1866,4,0,0,0,0,0,0,0,0,0,0),
	(9,2015,1891,1,0,0,0,0,0,0,0,8,0,0),
	(9,2015,1891,2,0,0,0,0,0,0,0,0,0,0),
	(9,2015,1891,3,0,0,0,0,0,0,0,0,0,0),
	(9,2015,1891,4,0,0,0,0,0,0,0,0,0,0),
	(9,2016,63,1,0,0,0,0,0,0,0,0,0,0),
	(9,2016,63,2,0,0,0,0,0,0,0,0,0,0),
	(9,2016,63,3,0,0,0,0,0,0,0,2,0,0),
	(9,2016,63,4,0,0,0,0,0,0,0,0,0,0),
	(9,2016,67,1,0,0,0,0,0,0,0,0,0,0),
	(9,2016,67,2,0,0,0,0,0,0,0,0,0,0),
	(9,2016,67,3,0,0,0,0,0,0,0,0,1,0),
	(9,2016,67,4,0,0,0,0,0,0,0,0,0,0),
	(9,2016,68,1,0,0,0,0,0,0,0,0,0,0),
	(9,2016,68,2,0,0,0,0,0,0,0,1,0,0),
	(9,2016,68,3,0,0,0,0,0,0,0,0,0,0),
	(9,2016,68,4,0,1,0,0,0,0,0,0,0,0),
	(9,2016,69,1,0,0,0,0,0,0,0,0,0,0),
	(9,2016,69,2,0,0,0,0,0,0,0,1,0,0),
	(9,2016,69,3,0,0,0,0,0,0,0,0,1,0),
	(9,2016,69,4,0,1,0,0,0,0,0,0,0,0),
	(9,2016,119,1,0,0,0,0,0,0,0,0,0,0),
	(9,2016,119,2,0,0,0,0,0,0,0,1,0,0),
	(9,2016,119,3,0,0,0,0,0,0,0,0,0,0),
	(9,2016,119,4,0,1,0,0,0,0,0,0,0,0),
	(9,2016,207,1,0,0,0,0,0,0,0,0,0,0),
	(9,2016,207,2,0,0,0,0,0,0,0,0,0,0),
	(9,2016,207,3,0,0,0,0,0,0,0,0,0,0),
	(9,2016,207,4,0,0,0,0,0,0,0,0,0,0),
	(9,2016,208,1,0,0,0,0,0,0,0,0,0,0),
	(9,2016,208,2,0,0,0,1,0,0,0,0,0,0),
	(9,2016,208,3,0,0,0,0,0,0,0,1,0,0),
	(9,2016,208,4,0,0,0,0,0,0,0,0,0,0),
	(9,2016,240,1,0,0,0,0,0,0,0,44,0,0),
	(9,2016,240,2,0,0,0,0,0,0,0,1,0,0),
	(9,2016,240,3,0,0,0,0,0,0,0,0,0,0),
	(9,2016,240,4,0,0,0,0,0,0,0,1,0,0),
	(9,2016,550,1,0,0,0,0,0,0,0,0,0,0),
	(9,2016,550,2,0,0,0,0,0,0,0,7,0,0),
	(9,2016,550,3,0,0,0,0,0,0,0,0,0,0),
	(9,2016,550,4,0,1,0,0,0,0,0,3,1,0),
	(9,2016,552,1,0,0,0,0,0,0,0,0,0,0),
	(9,2016,552,2,0,0,0,0,0,0,0,0,0,0),
	(9,2016,552,3,0,0,0,0,0,0,0,4,1,0),
	(9,2016,552,4,0,0,0,0,0,0,0,6,0,0),
	(9,2016,724,1,0,0,0,0,0,0,0,0,0,0),
	(9,2016,724,2,0,0,0,0,0,0,0,1,0,0),
	(9,2016,724,3,0,0,0,0,0,0,0,4,0,0),
	(9,2016,724,4,0,0,0,0,0,0,0,0,0,0),
	(9,2016,866,1,0,0,0,0,0,0,0,0,0,0),
	(9,2016,866,2,0,0,0,0,0,0,0,9,0,0),
	(9,2016,866,3,0,3,0,0,0,0,0,0,1,0),
	(9,2016,866,4,0,1,0,0,0,0,0,2,1,0),
	(9,2016,874,1,0,0,0,0,0,0,0,0,2,0),
	(9,2016,874,2,0,0,0,0,0,0,0,0,1,0),
	(9,2016,874,3,0,0,0,0,0,0,0,0,0,0),
	(9,2016,874,4,0,0,0,0,0,0,0,4,0,0),
	(9,2016,911,1,0,0,0,0,0,0,0,0,0,0),
	(9,2016,911,2,0,1,0,1,0,0,0,4,0,0),
	(9,2016,911,3,0,0,0,0,0,0,0,0,0,0),
	(9,2016,911,4,0,0,0,0,0,0,0,3,1,0),
	(9,2016,940,1,0,0,0,0,0,0,0,0,0,0),
	(9,2016,940,2,0,0,0,0,0,0,0,0,0,0),
	(9,2016,940,3,0,1,0,0,0,0,0,0,0,0),
	(9,2016,940,4,0,1,0,0,0,0,0,3,0,0),
	(9,2016,1054,1,0,0,0,0,0,0,0,0,0,0),
	(9,2016,1054,2,0,0,0,0,0,0,0,7,2,0),
	(9,2016,1054,3,0,0,0,0,0,0,0,2,0,0),
	(9,2016,1054,4,0,1,0,2,0,0,0,0,0,0),
	(9,2016,1077,1,0,0,0,0,0,0,0,5,0,0),
	(9,2016,1077,2,0,0,0,0,0,0,0,0,0,0),
	(9,2016,1077,3,0,0,0,0,0,0,0,0,0,0),
	(9,2016,1077,4,0,0,0,0,0,0,0,3,0,0),
	(9,2016,1168,1,0,0,0,0,0,0,0,0,0,0),
	(9,2016,1168,2,0,0,0,0,0,0,0,0,0,0),
	(9,2016,1168,3,0,0,0,0,0,0,0,0,0,0),
	(9,2016,1168,4,0,0,0,0,0,0,0,2,0,0),
	(9,2016,1193,1,0,1,0,0,0,0,0,4,0,0),
	(9,2016,1193,2,0,0,0,0,0,0,0,0,0,0),
	(9,2016,1193,3,0,0,0,0,0,0,0,1,0,0),
	(9,2016,1193,4,0,4,0,0,0,0,0,1,0,0),
	(9,2016,1269,1,0,0,0,0,0,0,0,2,0,0),
	(9,2016,1269,2,0,0,0,1,0,0,0,2,0,0),
	(9,2016,1269,3,0,3,0,0,0,0,0,0,0,0),
	(9,2016,1269,4,0,0,0,0,0,0,0,5,0,0),
	(9,2016,1287,1,0,0,0,0,0,0,0,3,0,0),
	(9,2016,1287,2,0,1,0,0,0,0,0,3,0,0),
	(9,2016,1287,3,0,0,0,0,0,0,0,0,0,0),
	(9,2016,1287,4,0,0,0,0,0,0,0,0,0,0),
	(9,2016,1374,1,0,0,0,0,0,0,0,0,0,0),
	(9,2016,1374,2,0,0,0,0,0,0,0,2,1,0),
	(9,2016,1374,3,0,0,0,0,0,0,0,1,0,0),
	(9,2016,1374,4,0,0,0,0,0,0,0,1,0,0),
	(9,2016,1671,1,0,0,0,0,0,0,0,0,0,0),
	(9,2016,1671,2,0,0,0,0,0,0,0,1,0,0),
	(9,2016,1671,3,0,0,0,0,0,0,0,0,0,0),
	(9,2016,1671,4,0,0,0,0,0,0,0,1,0,0),
	(9,2016,1672,1,0,0,0,0,0,0,0,0,0,0),
	(9,2016,1672,2,0,0,0,0,0,0,0,1,0,0),
	(9,2016,1672,3,0,0,0,0,0,0,0,0,0,0),
	(9,2016,1672,4,0,0,0,0,0,0,0,1,0,0),
	(9,2016,1673,1,0,0,0,0,0,0,0,0,0,0),
	(9,2016,1673,2,0,0,0,0,0,0,0,2,0,0),
	(9,2016,1673,3,0,0,0,0,0,0,0,0,0,0),
	(9,2016,1673,4,0,0,0,0,0,0,0,0,0,0),
	(9,2016,1790,1,0,0,0,0,0,0,0,0,6,0),
	(9,2016,1790,2,0,0,0,0,0,0,0,0,0,0),
	(9,2016,1790,3,0,0,0,0,0,0,0,3,0,0),
	(9,2016,1790,4,0,1,0,0,0,0,0,0,0,0),
	(9,2016,1865,1,0,0,0,0,0,0,0,2,0,0),
	(9,2016,1865,2,0,0,0,0,0,0,0,0,0,0),
	(9,2016,1865,3,0,0,0,0,0,0,0,0,0,0),
	(9,2016,1865,4,0,0,0,0,0,0,0,1,1,0),
	(9,2016,1866,1,0,0,0,0,0,0,0,0,0,0),
	(9,2016,1866,2,0,0,0,0,0,0,0,0,0,0),
	(9,2016,1866,3,0,0,0,0,0,0,0,0,1,0),
	(9,2016,1866,4,0,2,0,0,0,0,0,0,0,0),
	(9,2016,1891,1,0,0,0,0,0,0,0,0,0,0),
	(9,2016,1891,2,0,0,0,0,0,0,0,0,0,0),
	(9,2016,1891,3,0,0,0,0,0,0,0,0,2,0),
	(9,2016,1891,4,0,1,0,0,0,0,0,0,0,0),
	(10,2015,63,1,0,0,0,0,0,0,0,0,0,0),
	(10,2015,63,2,0,0,0,0,0,0,0,32,0,0),
	(10,2015,63,3,0,2,0,0,0,0,0,9,0,0),
	(10,2015,63,4,0,3,0,0,0,0,0,8,1,0),
	(10,2015,67,1,0,0,0,0,0,0,0,0,0,0),
	(10,2015,67,2,0,0,0,0,0,0,0,50,5,0),
	(10,2015,67,3,0,7,0,0,0,0,0,41,0,0),
	(10,2015,67,4,0,12,0,5,0,0,0,29,0,0),
	(10,2015,68,1,0,0,0,0,0,0,0,18,0,0),
	(10,2015,68,2,0,0,0,0,0,0,0,37,0,0),
	(10,2015,68,3,0,22,0,1,0,0,0,60,4,0),
	(10,2015,68,4,0,5,0,0,0,0,0,7,0,0),
	(10,2015,69,1,0,1,0,0,0,0,0,17,0,0),
	(10,2015,69,2,0,0,0,0,0,0,0,62,1,0),
	(10,2015,69,3,0,19,0,0,0,0,0,43,0,0),
	(10,2015,69,4,0,3,0,3,0,0,0,6,1,0),
	(10,2015,119,1,0,0,0,0,0,0,0,2,0,0),
	(10,2015,119,2,0,0,0,1,0,0,0,113,1,0),
	(10,2015,119,3,0,12,0,0,0,0,0,39,0,0),
	(10,2015,119,4,0,7,0,1,0,0,0,13,1,0),
	(10,2015,207,1,0,0,0,0,0,0,0,19,0,0),
	(10,2015,207,2,0,1,0,0,0,0,0,27,0,0),
	(10,2015,207,3,0,0,0,0,0,0,0,0,1,0),
	(10,2015,207,4,0,1,0,0,0,0,0,2,0,0),
	(10,2015,208,1,0,0,0,0,0,0,0,3,0,0),
	(10,2015,208,2,0,0,0,0,0,0,0,14,2,0),
	(10,2015,208,3,0,3,0,1,0,0,0,4,1,0),
	(10,2015,208,4,0,5,0,1,0,0,0,10,0,0),
	(10,2015,240,1,0,0,0,0,0,0,0,19,0,0),
	(10,2015,240,2,0,0,0,0,0,0,0,14,1,0),
	(10,2015,240,3,0,21,0,0,0,0,0,56,0,0),
	(10,2015,240,4,0,6,0,2,0,0,0,6,0,0),
	(10,2015,550,1,0,3,0,1,0,0,0,17,0,0),
	(10,2015,550,2,0,0,0,0,0,0,0,127,1,0),
	(10,2015,550,3,0,5,0,1,0,0,0,15,0,0),
	(10,2015,550,4,0,4,0,1,0,0,0,5,3,0),
	(10,2015,552,1,0,0,0,0,0,0,0,19,0,0),
	(10,2015,552,2,0,0,0,0,0,0,0,31,2,0),
	(10,2015,552,3,0,27,0,2,0,0,0,72,1,0),
	(10,2015,552,4,0,11,0,2,0,0,0,38,1,0),
	(10,2015,724,1,0,0,0,0,0,0,0,2,0,0),
	(10,2015,724,2,0,5,0,0,0,0,0,48,1,0),
	(10,2015,724,3,0,12,0,1,0,0,0,38,0,0),
	(10,2015,724,4,0,26,0,0,0,0,0,104,1,0),
	(10,2015,866,1,0,2,0,1,0,0,0,34,0,0),
	(10,2015,866,2,0,0,0,0,0,0,0,39,0,0),
	(10,2015,866,3,0,13,0,0,0,0,0,29,0,0),
	(10,2015,866,4,0,11,0,0,0,0,0,75,0,0),
	(10,2015,874,1,0,1,0,1,0,0,0,22,0,0),
	(10,2015,874,2,0,0,0,0,0,0,0,55,1,0),
	(10,2015,874,3,0,7,0,0,0,0,0,28,1,0),
	(10,2015,874,4,0,20,0,1,0,0,0,30,1,0),
	(10,2015,911,1,0,1,0,1,0,0,0,2,0,0),
	(10,2015,911,2,0,0,0,1,0,0,0,9,4,0),
	(10,2015,911,3,0,6,0,0,0,0,0,5,0,0),
	(10,2015,911,4,0,3,0,1,0,0,0,12,0,0),
	(10,2015,940,1,0,0,0,0,0,0,0,0,1,0),
	(10,2015,940,2,0,4,0,4,0,0,0,68,3,0),
	(10,2015,940,3,0,3,0,0,0,0,0,35,1,0),
	(10,2015,940,4,0,16,0,0,0,0,0,49,1,0),
	(10,2015,1054,1,0,1,0,1,0,0,0,12,0,0),
	(10,2015,1054,2,0,1,0,0,0,0,0,164,1,0),
	(10,2015,1054,3,0,10,0,1,0,0,0,62,2,0),
	(10,2015,1054,4,0,7,0,4,0,0,0,33,7,0),
	(10,2015,1077,1,0,0,0,1,0,0,0,97,0,0),
	(10,2015,1077,2,0,1,0,1,0,0,0,132,0,0),
	(10,2015,1077,3,0,10,0,0,0,0,0,54,0,0),
	(10,2015,1077,4,0,3,0,1,0,0,0,18,1,0),
	(10,2015,1168,1,0,0,0,0,0,0,0,0,0,0),
	(10,2015,1168,2,0,0,0,0,0,0,0,35,0,0),
	(10,2015,1168,3,0,3,0,0,0,0,0,0,0,0),
	(10,2015,1168,4,0,0,0,0,0,0,0,10,0,0),
	(10,2015,1193,1,0,11,0,4,0,0,0,180,1,0),
	(10,2015,1193,2,0,1,0,1,0,0,0,21,0,0),
	(10,2015,1193,3,0,6,0,1,0,0,0,39,0,0),
	(10,2015,1193,4,0,11,0,1,0,0,0,13,1,0),
	(10,2015,1269,1,0,2,0,1,0,0,0,5,1,0),
	(10,2015,1269,2,0,0,0,0,0,0,0,80,4,0),
	(10,2015,1269,3,0,0,0,0,0,0,0,3,1,0),
	(10,2015,1269,4,0,2,0,0,0,0,0,8,0,0),
	(10,2015,1287,1,0,0,0,1,0,0,0,0,0,0),
	(10,2015,1287,2,0,0,0,0,0,0,0,31,1,0),
	(10,2015,1287,3,0,2,0,0,0,0,0,26,1,0),
	(10,2015,1287,4,0,3,0,1,0,0,0,15,0,0),
	(10,2015,1374,1,0,2,0,0,0,0,0,108,0,0),
	(10,2015,1374,2,0,1,0,1,0,0,0,89,0,0),
	(10,2015,1374,3,0,0,0,0,0,0,0,0,0,0),
	(10,2015,1374,4,0,1,0,0,0,0,0,4,0,0),
	(10,2015,1671,1,0,0,0,0,0,0,0,35,0,0),
	(10,2015,1671,2,0,0,0,0,0,0,0,37,0,0),
	(10,2015,1671,3,0,1,0,0,0,0,0,9,0,0),
	(10,2015,1671,4,0,0,0,1,0,0,0,13,0,0),
	(10,2015,1672,1,0,0,0,0,0,0,0,2,0,0),
	(10,2015,1672,2,0,3,0,0,0,0,0,303,0,0),
	(10,2015,1672,3,0,11,0,0,0,0,0,25,2,0),
	(10,2015,1672,4,0,6,0,0,0,0,0,24,2,0),
	(10,2015,1673,1,0,0,0,0,0,0,0,0,0,0),
	(10,2015,1673,2,0,0,0,0,0,0,0,0,0,0),
	(10,2015,1673,3,0,1,0,0,0,0,0,4,0,0),
	(10,2015,1673,4,0,1,0,0,0,0,0,1,0,0),
	(10,2015,1790,1,0,0,0,0,0,0,0,32,0,0),
	(10,2015,1790,2,0,0,0,0,0,0,0,9,0,0),
	(10,2015,1790,3,0,26,0,1,0,0,0,77,0,0),
	(10,2015,1790,4,0,2,0,0,0,0,0,11,0,0),
	(10,2015,1865,1,0,0,0,0,0,0,0,0,0,0),
	(10,2015,1865,2,0,0,0,0,0,0,0,0,0,0),
	(10,2015,1865,3,0,4,0,0,0,0,0,14,0,0),
	(10,2015,1865,4,0,0,0,0,0,0,0,0,0,0),
	(10,2015,1866,1,0,0,0,0,0,0,0,36,0,0),
	(10,2015,1866,2,0,0,0,0,0,0,0,0,0,0),
	(10,2015,1866,3,0,3,0,0,0,0,0,8,1,0),
	(10,2015,1866,4,0,0,0,0,0,0,0,0,0,0),
	(10,2015,1891,1,0,0,0,0,0,0,0,16,0,0),
	(10,2015,1891,2,0,1,0,0,0,0,0,15,0,0),
	(10,2015,1891,3,0,4,0,0,0,0,0,26,0,0),
	(10,2015,1891,4,0,3,0,0,0,0,0,9,0,0),
	(10,2016,68,1,0,0,0,0,0,0,0,0,0,0),
	(10,2016,68,3,0,0,0,0,0,0,0,0,0,0),
	(10,2016,69,1,0,0,0,0,0,0,0,0,0,0),
	(10,2016,69,3,0,0,0,0,0,0,0,0,0,0),
	(10,2016,208,1,0,0,0,0,0,0,0,0,0,0),
	(10,2016,208,3,0,0,0,0,0,0,0,0,0,0),
	(10,2016,1865,1,0,0,0,0,0,0,0,0,0,0),
	(10,2016,1865,3,0,0,0,0,0,0,0,0,0,0),
	(10,2016,1866,1,0,0,0,0,0,0,0,0,0,0),
	(10,2016,1866,3,0,0,0,0,0,0,0,0,0,0),
	(10,2016,1891,1,0,0,0,0,0,0,0,0,0,0),
	(10,2016,1891,3,0,0,0,0,0,0,0,0,0,0),
	(10,2016,2062,3,0,0,0,0,0,0,0,0,0,0),
	(11,2015,63,1,0,0,0,0,0,0,0,0,0,0),
	(11,2015,63,2,0,0,0,0,0,0,0,34,1,0),
	(11,2015,63,3,0,2,0,4,0,0,0,9,1,0),
	(11,2015,63,4,0,2,0,8,0,0,0,5,1,0),
	(11,2015,67,1,0,0,0,0,0,0,0,0,0,0),
	(11,2015,67,2,0,3,0,3,0,0,0,17,0,0),
	(11,2015,67,3,0,4,0,4,0,0,0,11,0,0),
	(11,2015,67,4,0,2,0,9,0,0,0,32,7,0),
	(11,2015,68,1,0,0,0,0,0,0,0,6,0,0),
	(11,2015,68,2,0,0,0,0,0,0,0,43,0,0),
	(11,2015,68,3,0,1,0,25,0,0,0,1,1,0),
	(11,2015,68,4,0,3,0,8,0,0,0,7,1,0),
	(11,2015,69,1,0,1,0,1,0,0,0,4,4,0),
	(11,2015,69,2,0,2,0,0,0,0,0,19,3,0),
	(11,2015,69,3,0,7,0,24,0,0,0,31,0,0),
	(11,2015,69,4,0,1,0,10,0,0,0,0,1,0),
	(11,2015,119,1,0,0,0,0,0,0,0,13,0,0),
	(11,2015,119,2,0,2,0,1,0,0,0,41,1,0),
	(11,2015,119,3,0,3,0,19,0,0,0,16,1,0),
	(11,2015,119,4,0,4,0,5,0,0,0,20,1,0),
	(11,2015,207,1,0,0,0,0,0,0,0,0,0,0),
	(11,2015,207,2,0,0,0,0,0,0,0,2,1,0),
	(11,2015,207,3,0,0,0,0,0,0,0,0,0,0),
	(11,2015,207,4,0,1,0,1,0,0,0,10,0,0),
	(11,2015,208,1,0,0,0,0,0,0,0,15,0,0),
	(11,2015,208,2,0,6,0,2,0,0,0,27,0,0),
	(11,2015,208,3,0,3,0,9,0,0,0,7,1,0),
	(11,2015,208,4,0,4,0,10,0,0,0,18,4,0),
	(11,2015,240,1,0,0,0,0,0,0,0,0,0,0),
	(11,2015,240,2,0,0,0,0,0,0,0,10,1,0),
	(11,2015,240,3,0,4,0,25,0,0,0,3,0,0),
	(11,2015,240,4,0,1,0,11,0,0,0,6,2,0),
	(11,2015,550,1,0,0,0,0,0,0,0,11,1,0),
	(11,2015,550,2,0,1,0,1,0,0,0,113,3,0),
	(11,2015,550,3,0,0,0,7,0,0,0,5,2,0),
	(11,2015,550,4,0,3,0,3,0,0,0,7,0,0),
	(11,2015,552,1,0,1,0,0,0,0,0,7,0,0),
	(11,2015,552,2,0,2,0,0,0,0,0,29,3,0),
	(11,2015,552,3,0,3,0,35,0,0,0,11,1,0),
	(11,2015,552,4,0,4,0,18,0,0,0,3,3,0),
	(11,2015,724,1,0,2,0,2,0,0,0,4,0,0),
	(11,2015,724,2,0,2,0,2,0,0,0,27,1,0),
	(11,2015,724,3,0,1,0,14,0,0,0,6,0,0),
	(11,2015,724,4,0,13,0,41,0,0,0,21,2,0),
	(11,2015,866,1,0,0,0,1,0,0,0,34,0,0),
	(11,2015,866,2,0,0,0,0,0,0,0,7,10,0),
	(11,2015,866,3,0,3,0,18,0,0,0,3,0,0),
	(11,2015,866,4,0,10,0,13,0,0,0,25,0,0),
	(11,2015,874,1,0,1,0,0,0,0,0,20,0,0),
	(11,2015,874,2,0,0,0,0,0,0,0,24,1,0),
	(11,2015,874,3,0,3,0,16,0,0,0,8,2,0),
	(11,2015,874,4,0,3,0,25,0,0,0,8,2,0),
	(11,2015,911,1,0,0,0,0,0,0,0,9,0,0),
	(11,2015,911,2,0,2,0,3,0,0,0,53,1,0),
	(11,2015,911,3,0,0,0,0,0,0,0,0,0,0),
	(11,2015,911,4,0,2,0,5,0,0,0,5,2,0),
	(11,2015,940,1,0,0,0,0,0,0,0,0,0,0),
	(11,2015,940,2,0,4,0,6,0,0,0,21,2,0),
	(11,2015,940,3,0,3,0,7,0,0,0,9,1,0),
	(11,2015,940,4,0,3,0,17,0,0,0,4,2,0),
	(11,2015,1054,1,0,2,0,0,0,0,0,74,1,0),
	(11,2015,1054,2,0,3,0,0,0,0,0,107,2,0),
	(11,2015,1054,3,0,1,0,5,0,0,0,13,0,0),
	(11,2015,1054,4,0,3,0,8,0,0,0,7,7,0),
	(11,2015,1077,1,0,2,0,0,0,0,0,65,1,0),
	(11,2015,1077,2,0,3,0,0,0,0,0,92,1,0),
	(11,2015,1077,3,0,4,0,4,0,0,0,4,1,0),
	(11,2015,1077,4,0,2,0,6,0,0,0,7,3,0),
	(11,2015,1168,1,0,1,0,0,0,0,0,8,1,0),
	(11,2015,1168,2,0,1,0,0,0,0,0,9,1,0),
	(11,2015,1168,3,0,2,0,5,0,0,0,4,0,0),
	(11,2015,1168,4,0,1,0,1,0,0,0,1,1,0),
	(11,2015,1193,1,0,3,0,1,0,0,0,15,1,0),
	(11,2015,1193,2,0,0,0,0,0,0,0,27,0,0),
	(11,2015,1193,3,0,0,0,8,0,0,0,11,0,0),
	(11,2015,1193,4,0,3,0,16,0,0,0,7,1,0),
	(11,2015,1269,1,0,4,0,2,0,0,0,16,1,0),
	(11,2015,1269,2,0,2,0,1,0,0,0,45,4,0),
	(11,2015,1269,3,0,1,0,1,0,0,0,1,0,0),
	(11,2015,1269,4,0,0,0,2,0,0,0,6,0,0),
	(11,2015,1287,1,0,1,0,1,0,0,0,1,0,0),
	(11,2015,1287,2,0,1,0,1,0,0,0,39,0,0),
	(11,2015,1287,3,0,6,0,8,0,0,0,9,1,0),
	(11,2015,1287,4,0,1,0,3,0,0,0,4,2,0),
	(11,2015,1374,1,0,4,0,1,0,0,0,145,2,0),
	(11,2015,1374,2,0,0,0,0,0,0,0,47,0,0),
	(11,2015,1374,3,0,0,0,2,0,0,0,12,0,0),
	(11,2015,1374,4,0,7,0,6,0,0,0,6,1,0),
	(11,2015,1671,1,0,1,0,0,0,0,0,13,0,0),
	(11,2015,1671,2,0,0,0,0,0,0,0,10,0,0),
	(11,2015,1671,3,0,0,0,1,0,0,0,1,0,0),
	(11,2015,1671,4,0,2,0,4,0,0,0,9,2,0),
	(11,2015,1672,1,0,2,0,2,0,0,0,2,0,0),
	(11,2015,1672,2,0,3,0,6,0,0,0,110,1,0),
	(11,2015,1672,3,0,6,0,16,0,0,0,5,2,0),
	(11,2015,1672,4,0,3,0,9,0,0,0,5,1,0),
	(11,2015,1673,1,0,0,0,0,0,0,0,0,0,0),
	(11,2015,1673,2,0,0,0,0,0,0,0,0,0,0),
	(11,2015,1673,3,0,0,0,1,0,0,0,0,0,0),
	(11,2015,1673,4,0,1,0,2,0,0,0,4,1,0),
	(11,2015,1790,1,0,3,0,1,0,0,0,10,0,0),
	(11,2015,1790,2,0,2,0,1,0,0,0,7,0,0),
	(11,2015,1790,3,0,4,0,25,0,0,0,5,1,0),
	(11,2015,1790,4,0,2,0,3,0,0,0,2,1,0),
	(11,2015,1865,1,0,1,0,0,0,0,0,9,0,0),
	(11,2015,1865,2,0,0,0,0,0,0,0,0,0,0),
	(11,2015,1865,3,0,1,0,6,0,0,0,1,0,0),
	(11,2015,1865,4,0,3,0,3,0,0,0,10,0,0),
	(11,2015,1866,1,0,1,0,0,0,0,0,1,0,0),
	(11,2015,1866,2,0,0,0,0,0,0,0,0,0,0),
	(11,2015,1866,3,0,2,0,5,0,0,0,1,0,0),
	(11,2015,1866,4,0,1,0,1,0,0,0,2,1,0),
	(11,2015,1891,1,0,1,0,0,0,0,0,18,0,0),
	(11,2015,1891,2,0,0,0,0,0,0,0,0,0,0),
	(11,2015,1891,3,0,8,0,7,0,0,0,3,0,0),
	(11,2015,1891,4,0,1,0,4,0,0,0,0,0,0);

/*!40000 ALTER TABLE `operation` ENABLE KEYS */;
UNLOCK TABLES;


# Dump of table program
# ------------------------------------------------------------

DROP TABLE IF EXISTS `program`;

CREATE TABLE `program` (
  `idprogram` int(11) NOT NULL,
  `name` varchar(10) NOT NULL,
  PRIMARY KEY (`idprogram`)
) ENGINE=InnoDB DEFAULT CHARSET=utf8;

LOCK TABLES `program` WRITE;
/*!40000 ALTER TABLE `program` DISABLE KEYS */;

INSERT INTO `program` (`idprogram`, `name`)
VALUES
	(1,'iGT'),
	(2,'oGT'),
	(3,'iGC'),
	(4,'oGC');

/*!40000 ALTER TABLE `program` ENABLE KEYS */;
UNLOCK TABLES;



/*!40111 SET SQL_NOTES=@OLD_SQL_NOTES */;
/*!40101 SET SQL_MODE=@OLD_SQL_MODE */;
/*!40014 SET FOREIGN_KEY_CHECKS=@OLD_FOREIGN_KEY_CHECKS */;
/*!40101 SET CHARACTER_SET_CLIENT=@OLD_CHARACTER_SET_CLIENT */;
/*!40101 SET CHARACTER_SET_RESULTS=@OLD_CHARACTER_SET_RESULTS */;
/*!40101 SET COLLATION_CONNECTION=@OLD_COLLATION_CONNECTION */;
